ae|New York University Abu Dhabi|r|5a5ce494-f2a1-ed11-aad1-000d3a85c377|New York University (NYU) - Abu Dhabi|1101|487|YYN|nyuad.nyu.edu
ae|Khalifa University of Science and Technology|r|b2dbc6b8-f2a1-ed11-aad1-000d3a85c377|Khalifa University|1000|215|Y--|ku.ac.ae
ae|American University of Sharjah|e|99cf5849-f1a1-ed11-aad1-000d3a85c377|American University of Sharjah|1010|754|YNY|aus.edu
ae|Sorbonne University Abu Dhabi|e|7c4a1022-f2a1-ed11-aad1-000d3a85c377|Sorbonne University - Abu Dhabi|1000|72|Y--|sorbonne.ae
ae|Heriot-Watt University Dubai|e|fef80a28-f2a1-ed11-aad1-000d3a85c377|Heriot-Watt University - Dubai|1111|419|YYY|hw.ac.uk
ae|University of Birmingham Dubai|e|10a39ee4-f3a1-ed11-aad1-000d3a85c377|University of Birmingham - Dubai|1000|543|Y--|birmingham.ac.uk
ae|University of Wollongong in Dubai|e|28093ff8-f1a1-ed11-aad1-000d3a85c377|University of Wollongong in Dubai (UOWD)|1000|333|Y--|uowdubai.ac.ae
ae|Middlesex University Dubai|r|60532a0a-f2a1-ed11-aad1-000d3a85c377|Middlesex University - Dubai|1000|254|Y--|mdx.ac.uk
ae|American University in Dubai|e|689a1984-f0a1-ed11-aad1-000d3a85c377|American University in Dubai|1111|330|YYY|aud.edu
ae|United Arab Emirates University|e|63bcd9a0-f2a1-ed11-aad1-000d3a85c377|United Arab Emirates University|1000|105|Y--|uaeu.ac.ae
ae|Zayed University|e|c70f503f-f3a1-ed11-aad1-000d3a85c377|Zayed University - Abu Dhabi|1000|35|Y--|zu.ac.ae
ae|Canadian University Dubai|e|1242d6ac-f2a1-ed11-aad1-000d3a85c377|Canadian University - Dubai|1101|182|YYN|cud.ac.ae
at|University of Vienna|m|85b13072-f0a1-ed11-aad1-000d3a85c377|Universität Wien (University of Vienna)|1000|104|Y--|univie.ac.at
at|TU Wien|r|41f096ea-f3a1-ed11-aad1-000d3a85c377|TU Technische Universitat Wien (Vienna University of Technology)|1000|165|Y--|tuwien.at
at|Vienna University of Economics and Business|e|2aa59ee4-f3a1-ed11-aad1-000d3a85c377|Wirtschaftsuniversität Wien - WU (Vienna University of Economics and Business)|1000|380|Y--|wu.ac.at
at|University of Graz|e|69b13072-f0a1-ed11-aad1-000d3a85c377|Karl-Franzens Universität Graz (University of Graz)|1000|25|Y--|uni-graz.at
at|Graz University of Technology|m|7cb13072-f0a1-ed11-aad1-000d3a85c377|Technische Universität Graz (Graz University of Technology)|1000|50|Y--|tugraz.at
at|University of Innsbruck|e|7ab13072-f0a1-ed11-aad1-000d3a85c377|Leopold-Franzens-Universität Innsbruck (University of Innsbruck)|1000|78|Y--|uibk.ac.at
at|Johannes Kepler University Linz|e|62b13072-f0a1-ed11-aad1-000d3a85c377|Johannes-Kepler-Universität Linz (Johannes Kepler University Linz)|1000|200|Y--|jku.at
at|MODUL University Vienna|e|0eff171c-f2a1-ed11-aad1-000d3a85c377|Modul University Vienna|1100|76|YYY|modul.ac.at
at|Webster Vienna Private University|e|3d153767-f1a1-ed11-aad1-000d3a85c377|Webster Vienna Private University|1111|106|YYY|webster.ac.at
au|University of Melbourne|e|b3153767-f1a1-ed11-aad1-000d3a85c377|University of Melbourne|1000|7722|YNY|study.unimelb.edu.au
au|University of Sydney|m|91143767-f1a1-ed11-aad1-000d3a85c377|University of Sydney|1000|6118|YNY|sydney.edu.au
au|Australian National University|e|23143767-f1a1-ed11-aad1-000d3a85c377|Australian National University|1100|1770|YYY|study.anu.edu.au
au|University of Queensland|m|2a163767-f1a1-ed11-aad1-000d3a85c377|University of Queensland|1000|2293|YNY|study.uq.edu.au
au|Monash University|m|87622f6d-f1a1-ed11-aad1-000d3a85c377|Monash University - Australia|1000|5114|YNN|monash.edu
au|UNSW Sydney|r|5bb13072-f0a1-ed11-aad1-000d3a85c377|University of New South Wales (UNSW) - Sydney|1000|4826|YNY|unsw.edu.au
au|University of Western Australia|e|bcae2773-f1a1-ed11-aad1-000d3a85c377|University of Western Australia|1000|1268|Y--|uwa.edu.au
au|University of Technology Sydney|m|76ae2773-f1a1-ed11-aad1-000d3a85c377|University of Technology Sydney|1000|722|YNY|uts.edu.au
au|RMIT University|e|28ae2773-f1a1-ed11-aad1-000d3a85c377|RMIT University - Australia|1000|942|YNY|rmit.edu.au
au|Queensland University of Technology|e|ebf741f2-f1a1-ed11-aad1-000d3a85c377|Queensland University of Technology|1111|335|YYY|qut.edu.au
au|University of Wollongong|e|ad212779-f1a1-ed11-aad1-000d3a85c377|University of Wollongong|1000|102|YNY|uow.edu.au
au|Macquarie University|e|40163767-f1a1-ed11-aad1-000d3a85c377|Macquarie University|1000|678|YNY|mq.edu.au
au|Deakin University|m|9bf641f2-f1a1-ed11-aad1-000d3a85c377|Deakin University|1000|441|YNY|deakin.edu.au
be|KU Leuven|r|a8f12b5d-f3a1-ed11-aad1-000d3a85c377|KU Leuven University|1000|1673|YNN|kuleuven.be
be|Ghent University|e|98a22f04-f2a1-ed11-aad1-000d3a85c377|Ghent University (Universiteit Gent)|1000|69|YNY|ugent.be
be|University of Antwerp|e|93b13072-f0a1-ed11-aad1-000d3a85c377|Universiteit Antwerpen (University of Antwerp)|1000|99|YNY|uantwerpen.be
be|Vrije Universiteit Brussel|r|5f4e1d16-f2a1-ed11-aad1-000d3a85c377|Vrije Universiteit Brussel VUB (Free University of Brussels)|1000|316|YNN|vub.be
be|UCLouvain (Université catholique de Louvain)|e|d9f541f2-f1a1-ed11-aad1-000d3a85c377|Université Catholique de Louvain (UCLouvain)|1000|92|YNY|uclouvain.be
be|University of Liège|e|a0b13072-f0a1-ed11-aad1-000d3a85c377|Université de Liège (University of Liège)|1000|25|YNY|uliege.be
be|Vesalius College|r|a5b13072-f0a1-ed11-aad1-000d3a85c377|Brussels School of Governance / Vesalius College|1100|114|YYY|brussels-school.be
be|Karel de Grote University of Applied Sciences and Arts|r|014f1d16-f2a1-ed11-aad1-000d3a85c377|Karel de Grote-Hogeschool Antwerpen (KdG University of Applied Sciences and Arts)|1001|27|YNY|kdg.be
be|Thomas More University of Applied Sciences|e|6f772869-f3a1-ed11-aad1-000d3a85c377|Thomas More University of Applied Sciences|1001|31|YNY|thomasmore.be
be|Howest University of Applied Sciences|e|cfdcc6b8-f2a1-ed11-aad1-000d3a85c377|Howest Hogeschool (Howest University of Applied Sciences)|1001|103|YNY|howest.be
ca|University of Toronto|e|43fe2878-f0a1-ed11-aad1-000d3a85c377|University of Toronto|1110|17126|YYY|utoronto.ca
ca|University of British Columbia|m|f5b23072-f0a1-ed11-aad1-000d3a85c377|University of British Columbia|1110|11611|YYY|ubc.ca
ca|McGill University|e|38b23072-f0a1-ed11-aad1-000d3a85c377|McGill University|1111|5049|YYY|mcgill.ca
ca|University of Waterloo|e|7dfe2878-f0a1-ed11-aad1-000d3a85c377|University of Waterloo|1110|4801|YYN|uwaterloo.ca
ca|Queen's University at Kingston|r|55b23072-f0a1-ed11-aad1-000d3a85c377|Queen's University|1110|2689|YYN|queensu.ca
ca|McMaster University|e|37b23072-f0a1-ed11-aad1-000d3a85c377|McMaster University|1110|2944|YYN|future.mcmaster.ca
ca|Western University|e|63fe2878-f0a1-ed11-aad1-000d3a85c377|University of Western Ontario (Western University)|1010|3256|YNY|welcome.uwo.ca
ca|University of Alberta|e|e8b23072-f0a1-ed11-aad1-000d3a85c377|University of Alberta|1110|4313|YYY|ualberta.ca
ca|University of Calgary|e|fab23072-f0a1-ed11-aad1-000d3a85c377|University of Calgary|1111|2398|YYY|ucalgary.ca
ca|Simon Fraser University|e|8db23072-f0a1-ed11-aad1-000d3a85c377|Simon Fraser University|1110|2516|YYY|sfu.ca
ca|University of Victoria|e|60fe2878-f0a1-ed11-aad1-000d3a85c377|University of Victoria|1010|1091|YNY|uvic.ca
ca|Dalhousie University|e|211b514f-f1a1-ed11-aad1-000d3a85c377|Dalhousie University|1111|1238|YYY|dal.ca
ca|University of Ottawa|e|1afe2878-f0a1-ed11-aad1-000d3a85c377|University of Ottawa|1011|1554|YNY|uottawa.ca
ca|Concordia University|e|0fb23072-f0a1-ed11-aad1-000d3a85c377|Concordia University - Montréal|1111|1571|YYY|concordia.ca
ch|ETH Zurich|e|1b9a1984-f0a1-ed11-aad1-000d3a85c377|ETH Zürich|1000|341|YNN|ethz.ch
ch|EPFL - Ecole polytechnique federale de Lausanne|e|1a9a1984-f0a1-ed11-aad1-000d3a85c377|EPFL Federal Institute of Technology in Lausanne (École Polytechnique Fédérale de Lausanne)|1000|538|Y--|epfl.ch
ch|University of Zurich|e|509a1984-f0a1-ed11-aad1-000d3a85c377|University of Zurich (Universität Zürich)|1000|386|Y--|uzh.ch
ch|University of Geneva|e|714e1d16-f2a1-ed11-aad1-000d3a85c377|University of Geneva (Université de Genève)|1000|416|Y--|unige.ch
ch|University of Basel|e|359a1984-f0a1-ed11-aad1-000d3a85c377|Universitat Basel (University of Basel)|1000|96|Y--|unibas.ch
ch|University of Bern|m|399a1984-f0a1-ed11-aad1-000d3a85c377|University of Bern (Universität Bern)|1000|80|Y--|unibe.ch
ch|University of Lausanne|e|569a1984-f0a1-ed11-aad1-000d3a85c377|University of Lausanne (Université de Lausanne)|1000|236|Y--|unil.ch
ch|University of St. Gallen|e|4c9a1984-f0a1-ed11-aad1-000d3a85c377|University of St.Gallen (Universität St.Gallen)|1000|367|YNN|unisg.ch
ch|Franklin University Switzerland|e|2e9a1984-f0a1-ed11-aad1-000d3a85c377|Franklin University - Switzerland|1111|103|YYY|fus.edu
ch|EHL Hospitality Business School|e|c5143767-f1a1-ed11-aad1-000d3a85c377|EHL Hospitality Business School (all campuses)|1001|898|YNY|ehl.edu
ch|University of Lucerne|e|13aa49ec-f1a1-ed11-aad1-000d3a85c377|University of Lucerne (Universitat Luzern)|1000|17|Y--|unilu.ch
ch|Webster University Geneva|e|f408f5a7-f0a1-ed11-aad1-000d3a85c377|Webster University - Geneva|1111|95|YYY|webster.ch
cn|Tsinghua University|e|aca42f04-f2a1-ed11-aad1-000d3a85c377|Tsinghua University|1000|156|YNY|tsinghua.edu.cn
cn|Peking University|e|b05437fe-f1a1-ed11-aad1-000d3a85c377|Peking University|1000|119|Y--|isd.pku.edu.cn
cn|Fudan University|e|fd522a0a-f2a1-ed11-aad1-000d3a85c377|Fudan University|1100|62|YYN|iso.fudan.edu.cn
cn|Shanghai Jiao Tong University|e|940adf9a-f2a1-ed11-aad1-000d3a85c377|Shanghai Jiao Tong University|1000|32|Y--|isc.sjtu.edu.cn
cn|NYU Shanghai|r|d1dbc6b8-f2a1-ed11-aad1-000d3a85c377|New York University - Shanghai|1101|156|YYN|shanghai.nyu.edu
cn|Duke Kunshan University|e|1a56a6de-f3a1-ed11-aad1-000d3a85c377|Duke Kunshan University|1000|104|Y--|admissions.dukekunshan.edu.cn
cn|Xi'an Jiaotong-Liverpool University|e|a342d6ac-f2a1-ed11-aad1-000d3a85c377|Xi'an Jiaotong-Liverpool University|1111|234|YYY|xjtlu.edu.cn
cn|University of Nottingham Ningbo China|r|424f1d16-f2a1-ed11-aad1-000d3a85c377|University of Nottingham - Ningbo|1000|143|Y--|nottinhgm.edu.con
cn|The Chinese University of Hong Kong, Shenzhen|e|11a59ee4-f3a1-ed11-aad1-000d3a85c377|The Chinese University of Hong Kong, Shenzhen|1000|118|YNY|cuhk.edu.cn
cn|Beijing Normal-Hong Kong Baptist University|m|a35ce494-f2a1-ed11-aad1-000d3a85c377|Beijing Normal University-Hong Kong Baptist University United International College|1100|10|YYY|uic.edu.cn
cn|Zhejiang University|e|1a6e6314-f4a1-ed11-aad1-000d3a85c377|Zhejiang University|1000|72|Y--|iczu.zju.edu.cn
cz|Charles University|r|50b7efad-f0a1-ed11-aad1-000d3a85c377|Charles University in Prague (Univerzita Karlova)|1101|620|YYY|studycharles.cz
cz|Masaryk University|e|8efe171c-f2a1-ed11-aad1-000d3a85c377|Masaryk University|1000|113|Y--|muni.cz
cz|Czech Technical University in Prague|e|075ce494-f2a1-ed11-aad1-000d3a85c377|Czech Technical University in Prague - CTU (České Vysoké Učení Technické v Praze)|1000|88|YNN|cvut.cz
cz|University of Chemistry and Technology, Prague|e|ff073ff8-f1a1-ed11-aad1-000d3a85c377|University of Chemistry and Technology Prague (Vysoká škola chemicko-technologická v Praze)|1000|39|YNN|vscht.cz
cz|Anglo-American University|e|00673c61-f1a1-ed11-aad1-000d3a85c377|Anglo-American University|1000|82|YNY|aauni.edu
de|Technical University of Munich|e|aa4b88c3-9abe-ed11-83fe-6045bd55e414|Technische Universität München (Technical University of Munich)|1000|1|YN-|tum.de
de|RWTH Aachen University|e|55163767-f1a1-ed11-aad1-000d3a85c377|Rheinisch-Westfälische Technische Hochschule Aachen (RWTH Aachen University)|1000|1044|YNN|rwth-aachen.de
de|Ludwig Maximilian University of Munich|r|d7e110b3-be15-ee11-9cbe-6045bd55e414|LMU Munich (Ludwig-Maximilians-Universität)|1000|361|Y--|lmu.de
de|Heidelberg University|r|4f002978-f0a1-ed11-aad1-000d3a85c377|University of Heidelberg (Universität Heidelberg)|1000|656|YN-|uni-heidelberg.de
de|University of Freiburg - University College Freiburg|e|e9c4206f-f3a1-ed11-aad1-000d3a85c377|Albert-Ludwigs Universität Freiburg (University of Freiburg)|1000|328|YNN|uni-freiburg.de
de|Constructor University|e|34002978-f0a1-ed11-aad1-000d3a85c377|Constructor University|1000|403|Y--|constructor.university
de|University of Mannheim|e|2b143767-f1a1-ed11-aad1-000d3a85c377|Universitat Mannheim (University of Mannheim)|1000|232|Y--|uni-mannheim.de
de|Free University of Berlin|e|b24b88c3-9abe-ed11-83fe-6045bd55e414|Freie Universität Berlin (Free University of Berlin)|1000||Y--|fu-berlin.de
de|Bard College Berlin|e|e6dac6b8-f2a1-ed11-aad1-000d3a85c377|Bard College Berlin|1100|128|YYY|berlin.bard.edu
de|Frankfurt School of Finance & Management|e|d3532a0a-f2a1-ed11-aad1-000d3a85c377|Frankfurt School of Finance & Management|1000|293|YNN|frankfurt-school.de
de|Leuphana University Luneburg|r|0bf641f2-f1a1-ed11-aad1-000d3a85c377|Leuphana Universität Lüneburg (Leuphana University of Lüneburg)|1000|123|Y--|zentralgebaeude.leuphana.de
ee|University of Tartu|e|01d05849-f1a1-ed11-aad1-000d3a85c377|Tartu Ülikool (University of Tartu)|1000|190|Y-Y|ut.ee
ee|Tallinn University of Technology|e|78522a0a-f2a1-ed11-aad1-000d3a85c377|Tallinn University of Technology (TalTech)|1000|106|YNY|taltech.ee
ee|Tallinn University|m|79522a0a-f2a1-ed11-aad1-000d3a85c377|Tallinna Ülikool (Tallinn University)|1000|70|Y-Y|tlu.ee
ee|Estonian Business School|e|21f22b5d-f3a1-ed11-aad1-000d3a85c377|Estonian Business School (EBS)|1000|13|YNY|ebs.ee
ee|Estonian Aviation Academy|e|14c77ce6-5a2e-ef11-840a-002248ee4694|Estonian Aviation Academy|1000|2|YNN|lennuakadeemia.ee
es|IE University|r|274f1d16-f2a1-ed11-aad1-000d3a85c377|IE Universidad (IE University) - All campuses|1000|4810|YNN|ie.edu
es|Universidad Carlos III de Madrid|e|a2121975-f3a1-ed11-aad1-000d3a85c377|Universidad Carlos III de Madrid|1000||Y--|uc3m.es
es|Universitat Pompeu Fabra|e|42163767-f1a1-ed11-aad1-000d3a85c377|Universitat Pompeu Fabra (Pompeu Fabra University)|1000||Y--|upf.edu
es|Universidad de Navarra|e|e8dac6b8-f2a1-ed11-aad1-000d3a85c377|Universidad de Navarra|1100|522|YYN|en.unav.edu
es|ESADE|r|9cdac6b8-f2a1-ed11-aad1-000d3a85c377|Ramon Llull University : ESADE (Escola Superior d'Administració i Direcció d'Empreses)|1000|1157|YNY|esade.edu
es|Universitat Autònoma de Barcelona|e|375de494-f2a1-ed11-aad1-000d3a85c377|Universitat Autònoma de Barcelona (Autonomous University of Barcelona)|1000||Y--|uab.cat
es|Universidad de Deusto|e|8adbc6b8-f2a1-ed11-aad1-000d3a85c377|Universidad de Deusto, Bilbao (University of Deusto, Bilbao)|1000|81|Y--|deusto.es
es|Universidad Pontificia Comillas (ICADE)|r|52c5206f-f3a1-ed11-aad1-000d3a85c377|Universidad Pontificia de Comillas (Comillas Pontifical University)|1000||Y--|comillas.edu
es|Universidad Autónoma de Madrid|e|425dd3ae-9666-ee11-9ae7-002248ebf6a1|Universidad Autónoma de Madrid (Autonomous University of Madrid)|1000||Y--|uam.es
es|Universitat de Barcelona|e|9d4c1022-f2a1-ed11-aad1-000d3a85c377|Universitat de Barcelona (University of Barcelona)|1000||Y--|web.ub.edu
es|Universidad Complutense de Madrid|e|3af12b5d-f3a1-ed11-aad1-000d3a85c377|Universidad Complutense de Madrid|1000||Y--|ucm.es
es|Universitat Politècnica de Catalunya|e|168dceb2-f2a1-ed11-aad1-000d3a85c377|Universitat Politècnica de Catalunya, BarcelonaTech (Polytechnic University of Catalonia, BarcelonaTech)|1000||Y--|upc.edu
fi|University of Helsinki|e|a9ff2878-f0a1-ed11-aad1-000d3a85c377|University of Helsinki (Helsingin yliopisto)|1100|920|YYY|helsinki.fi
fi|Aalto University|e|4d5de494-f2a1-ed11-aad1-000d3a85c377|Aalto University (Aalto-yliopisto)|1000|1222|YNY|aalto.fi
fi|Tampere University|e|c8ff2878-f0a1-ed11-aad1-000d3a85c377|Tampere University (Tampereen Yliopisto)|1000|563|YNY|tuni.fi
fi|LUT University|e|b7522a0a-f2a1-ed11-aad1-000d3a85c377|LUT University (Lappeenranta-Lahti University of Technology LUT)|1000|243|YNY|lut.fi
fi|University of Oulu|e|c5ff2878-f0a1-ed11-aad1-000d3a85c377|University of Oulu (Oulun Yliopisto)|1000|372|YNN|oulu.fi
fi|University of Turku|m|c6ff2878-f0a1-ed11-aad1-000d3a85c377|University of Turku (Turun Yliopisto)|1000|437|YNY|utu.fi
fi|University of Jyväskylä|e|b4ff2878-f0a1-ed11-aad1-000d3a85c377|University of Jyväskylä (Jyväskylän Yliopisto)|1000|180|Y--|jyu.fi
fi|Åbo Akademi University|e|e6ff2878-f0a1-ed11-aad1-000d3a85c377|Åbo Akademi University (Åbo Akademi)|1000|52|YNY|abo.fi
fi|University of Eastern Finland|e|3ebbd9a0-f2a1-ed11-aad1-000d3a85c377|University of Eastern Finland (Itä-Suomen Yliopisto)|1000|446|YNY|uef.fi
fi|Metropolia University of Applied Sciences|e|9d4e1d16-f2a1-ed11-aad1-000d3a85c377|Metropolia University of Applied Sciences (Metropolia Ammattikorkeakoulu)|1101|107|YYY|metropolia.fi
fi|Haaga-Helia University of Applied Sciences|e|b2fe171c-f2a1-ed11-aad1-000d3a85c377|Haaga-Helia University of Applied Sciences (Haaga-Helia Ammattikorkeakoulu)|1100|136|YYN|haaga-helia.fi
fi|Tampere University of Applied Sciences|m|d0d9c6b8-f2a1-ed11-aad1-000d3a85c377|Tampere University of Applied Sciences (TAMK) (Tampereen Ammattikorkeakoulu)|1100|81|YYY|tuni.fi
fi|Arcada University of Applied Sciences|e|365737fe-f1a1-ed11-aad1-000d3a85c377|Arcada University of Applied Sciences|1000|17|YNY|arcada.fi
fr|École Polytechnique|r|b2ef96ea-f3a1-ed11-aad1-000d3a85c377|École Polytechnique de Paris|1000|221|Y--|ip-paris.fr
fr|ESCP Business School|e|25bad9a0-f2a1-ed11-aad1-000d3a85c377|ESCP Business School - Paris|1000|448|YNY|escp.eu
fr|ESSEC Business School|e|fa5637fe-f1a1-ed11-aad1-000d3a85c377|ESSEC Business School|1000|290|Y--|essec.edu
fr|EDHEC Business School|r|cca97893-f4a1-ed11-aad1-000d3a85c377|Ecole des Hautes Etudes Commerciales du Nord (EDHEC)|1000|346|Y--|edhec.edu
fr|The American University of Paris|e|e3ff2878-f0a1-ed11-aad1-000d3a85c377|American University of Paris|1110|367|YYY|aup.edu
fr|Université Grenoble Alpes|e|dcf02b5d-f3a1-ed11-aad1-000d3a85c377|Université Grenoble Alpes (Grenoble Alpes University)|1000|40|Y--|univ-grenoble-alpes.fr
fr|Université de Strasbourg|e|a5c03bac-78e5-ee11-904d-6045bd5a3c6f|Université de Strasbourg (University of Strasbourg)|1000||Y--|unistra.fr
gb|University of Oxford|e|d99a1984-f0a1-ed11-aad1-000d3a85c377|University of Oxford|1000|635|YNY|ox.ac.uk
gb|University of Cambridge|e|60e5118a-f0a1-ed11-aad1-000d3a85c377|University of Cambridge|1101|577|YYY|undergraduate.study.cam.ac.uk
gb|Imperial College London|e|1a09f5a7-f0a1-ed11-aad1-000d3a85c377|Imperial College London|1101|1318|YYY|imperial.ac.uk
gb|University College London|e|82e5118a-f0a1-ed11-aad1-000d3a85c377|University College London|1000|3424|YNY|ucl.ac.uk
gb|London School of Economics and Political Science|e|ab9a1984-f0a1-ed11-aad1-000d3a85c377|London School of Economics and Political Science (LSE)|1000|1215|YNY|lse.ac.uk
gb|King's College London|e|1ab02773-f1a1-ed11-aad1-000d3a85c377|King's College London|1101|4457|YYY|kcl.ac.uk
gb|University of Edinburgh|e|69e5118a-f0a1-ed11-aad1-000d3a85c377|University of Edinburgh|1101|3002|YYY|ed.ac.uk
gb|University of Glasgow|e|ece5118a-f0a1-ed11-aad1-000d3a85c377|University of Glasgow|1000|957|YNY|gla.ac.uk
gb|University of St Andrews|e|24e6118a-f0a1-ed11-aad1-000d3a85c377|University of St Andrews|1100|913|YYY|st-andrews.ac.uk
gb|Durham University|e|d0e5118a-f0a1-ed11-aad1-000d3a85c377|Durham University|1000|966|YNY|durham.ac.uk
gb|University of Manchester|e|19cf5849-f1a1-ed11-aad1-000d3a85c377|University of Manchester|1101|4143|YYY|manchester.ac.uk
gb|University of Warwick|e|5ee6118a-f0a1-ed11-aad1-000d3a85c377|University of Warwick|1101|2980|YYY|warwick.ac.uk
gb|University of Bristol|r|abe5118a-f0a1-ed11-aad1-000d3a85c377|University of Bristol|1111|1521|YYY|bris.ac.uk
gb|University of Bath|e|8de5118a-f0a1-ed11-aad1-000d3a85c377|University of Bath|1101|1368|YYY|bath.ac.uk
gb|Loughborough University|e|bc9a1984-f0a1-ed11-aad1-000d3a85c377|Loughborough University|1101|720|YYY|lboro.ac.uk
gb|Lancaster University|e|34632f6d-f1a1-ed11-aad1-000d3a85c377|Lancaster University|1101|655|YYY|lancaster.ac.uk
gr|The American College of Greece (Deree)|e|72002978-f0a1-ed11-aad1-000d3a85c377|American College of Greece|1010|185|YNY|acg.edu
hk|The University of Hong Kong|e|1fb7efad-f0a1-ed11-aad1-000d3a85c377|University of Hong Kong|1010|10231|YNY|admissions.hku.hk
hk|The Chinese University of Hong Kong|e|91002978-f0a1-ed11-aad1-000d3a85c377|The Chinese University of Hong Kong|1010|5187|YNY|cuhk.edu.hk
hk|The Hong Kong University of Science and Technology|e|ee07f5a7-f0a1-ed11-aad1-000d3a85c377|Hong Kong University of Science and Technology (HKUST)|1010|4701|YNY|hkust.edu.hk
hk|The Hong Kong Polytechnic University|e|e907f5a7-f0a1-ed11-aad1-000d3a85c377|Hong Kong Polytechnic University|1010|2710|YNY|polyu.edu.hk
hk|City University of Hong Kong|e|d507f5a7-f0a1-ed11-aad1-000d3a85c377|City University of Hong Kong|1010|1879|YNY|cityu.edu.hk
hk|Hong Kong Baptist University|e|8f002978-f0a1-ed11-aad1-000d3a85c377|Hong Kong Baptist University|1010|842|YNY|hkbu.edu.hk
hk|Lingnan University|e|95002978-f0a1-ed11-aad1-000d3a85c377|Lingnan University|1010|285|YNY|ln.edu.hk
hk|The Education University of Hong Kong|e|10f90a28-f2a1-ed11-aad1-000d3a85c377|The Education University of Hong Kong|1010|204|YNY|eduhk.hk
hk|The Hong Kong Academy for Performing Arts|e|1b5ce494-f2a1-ed11-aad1-000d3a85c377|Hong Kong Academy for Performing Arts|1000|56|Y--|hkapa.edu
hk|The Hang Seng University of Hong Kong|e|8841d6ac-f2a1-ed11-aad1-000d3a85c377|Hang Seng University of Hong Kong|1000|78|YNN|hsu.edu.hk
hk|Hong Kong Metropolitan University|e|7b41d6ac-f2a1-ed11-aad1-000d3a85c377|Hong Kong Metropolitan University|1000|228|Y-Y|hkmu.edu.hk
hk|Hong Kong Shue Yan University|e|c30cdf9a-f2a1-ed11-aad1-000d3a85c377|Hong Kong Shue Yan University|1000|43|Y--|hksyu.edu
hu|Semmelweis University|e|20b7efad-f0a1-ed11-aad1-000d3a85c377|Semmelweis University (Semmelweis Egyetem)|1000|298|YNN|semmelweis.hu
hu|University of Szeged|e|0608f5a7-f0a1-ed11-aad1-000d3a85c377|University of Szeged (Szegedi Tudomànyegyetem)|1000|161|Y--|u-szeged.hu
hu|University of Pécs|e|f8c4206f-f3a1-ed11-aad1-000d3a85c377|University of Pécs (Pécsi Tudományegyetem)|1101|115|YYY|international.pte.hu
hu|Corvinus University of Budapest|e|8aa22f04-f2a1-ed11-aad1-000d3a85c377|Corvinus University of Budapest (Budapesti Corvinus Egyetem)|1100|149|YYY|uni-corvinus.hu
hu|Eötvös Loránd University|e|f307f5a7-f0a1-ed11-aad1-000d3a85c377|Eötvös Loránd University (Eötvös Loránd Tudományegyetem)|1000|134|Y--|elte.hu
ie|Trinity College Dublin|e|a4002978-f0a1-ed11-aad1-000d3a85c377|Trinity College Dublin|1000|1744|YNY|tcd.ie
ie|University College Dublin|e|4908f5a7-f0a1-ed11-aad1-000d3a85c377|University College Dublin|1100|1154|YYY|ucd.ie
ie|University of Galway|e|4c632f6d-f1a1-ed11-aad1-000d3a85c377|University of Galway|1000|261|Y--|universityofgalway.ie
ie|University College Cork|e|3fb7efad-f0a1-ed11-aad1-000d3a85c377|University College Cork|1000|415|Y--|ucc.ie
ie|University of Limerick|e|3c522a0a-f2a1-ed11-aad1-000d3a85c377|University of Limerick|1000|107|YNY|ul.ie
ie|Dublin City University|e|2908f5a7-f0a1-ed11-aad1-000d3a85c377|Dublin City University|1000|130|YNY|dcu.ie
ie|Maynooth University|e|3908f5a7-f0a1-ed11-aad1-000d3a85c377|Maynooth University|1000|44|YNY|maynoothuniversity.ie
ie|RCSI University of Medicine and Health Sciences|r|4608f5a7-f0a1-ed11-aad1-000d3a85c377|Royal College of Surgeons in Ireland (RCSI)|1000|361|YNY|rcsi.com
ie|Technological University Dublin|e|3db7efad-f0a1-ed11-aad1-000d3a85c377|TU Dublin (Technological University Dublin)|1000|71|YNY|tudublin.ie
ie|Dundalk Institute of Technology|e|a139bcc4-f2a1-ed11-aad1-000d3a85c377|Dundalk Institute of Technology|1000|13|YNY|dkit.ie
is|University of Iceland|e|1108f5a7-f0a1-ed11-aad1-000d3a85c377|University of Iceland (Háskóli Íslands)|1000|64|YNY|hi.is
it|Bocconi University|r|70cf5849-f1a1-ed11-aad1-000d3a85c377|Università Bocconi (Bocconi University)|1001|1937|YNY|unibocconi.eu
it|Politecnico di Milano|e|79cf5849-f1a1-ed11-aad1-000d3a85c377|Politecnico di Milano (Polytechnic University of Milan)|1000|650|Y--|polimi.it
it|Politecnico di Torino|e|bf5537fe-f1a1-ed11-aad1-000d3a85c377|Politecnico di Torino (Polytechnic University of Turin)|1000|477|YNY|polito.it
it|University of Bologna|e|9dae2773-f1a1-ed11-aad1-000d3a85c377|Università di Bologna (University of Bologna)|1000|563|YNY|unibo.it
it|Sapienza University of Rome|e|aaad2773-f1a1-ed11-aad1-000d3a85c377|Universita degli Studi di Roma - La Sapienza (Sapienza University of Rome)|1000|457|Y-Y|uniroma1.it
it|University of Padua|e|c055a6de-f3a1-ed11-aad1-000d3a85c377|Università degli Studi di Padova (University of Padua)|1000|284|Y--|unipd.it
it|University of Trento|e|5f41d6ac-f2a1-ed11-aad1-000d3a85c377|Università degli Studi di Trento (University of Trento)|1000|38|YNY|unitn.it
it|Luiss Guido Carli|r|26622f6d-f1a1-ed11-aad1-000d3a85c377|Luiss University (Libera Università Internazionale degli Studi Sociali Guido Carli)|1000|685|YNN|luiss.it
it|Ca' Foscari University of Venice|r|fb4a1022-f2a1-ed11-aad1-000d3a85c377|Università Ca' Foscari Venezia (Ca' University of Venice)|1000|103|YNN|unive.it
it|University of Turin|e|fb602f6d-f1a1-ed11-aad1-000d3a85c377|Universita degli Studi di Torino (University of Turin)|1000|243|Y--|en.unito.it
jp|University of Tokyo|m|b04c217e-f0a1-ed11-aad1-000d3a85c377|University of Tokyo|1000|126|YNN|u-tokyo.ac.jp
jp|Kyoto University|e|c54b217e-f0a1-ed11-aad1-000d3a85c377|Kyoto University (Kyoto Daigaku)|1000|74|Y--|kyoto-u.ac.jp
jp|Waseda University|e|204d217e-f0a1-ed11-aad1-000d3a85c377|Waseda University (Waseda Daigaku)|1010|1134|YNN|waseda.jp
jp|Keio University|e|8b4b217e-f0a1-ed11-aad1-000d3a85c377|Keio University (Keio Gijuku Daigaku)|1000|621|YNN|keio.ac.jp
jp|Sophia University|e|924c217e-f0a1-ed11-aad1-000d3a85c377|Sophia University (Jochi Daigaku)|1000|1090|YNN|adm.sophia.ac.jp
jp|Tohoku University|e|ac4c217e-f0a1-ed11-aad1-000d3a85c377|Tohoku University (Tohoku Daigaku)|1000|68|Y--|tohoku.ac.jp
jp|International Christian University|e|6a4b217e-f0a1-ed11-aad1-000d3a85c377|International Christian University|1000|497|YNY|icu.ac.jp
jp|Ritsumeikan Asia Pacific University|e|eca849ec-f1a1-ed11-aad1-000d3a85c377|Ritsumeikan Asia Pacific University (APU)|1100|183|YYY|en.apu.ac.jp
jp|Kyushu University|e|a03e8ff0-f3a1-ed11-aad1-000d3a85c377|Kyushu University (Kyushu Daigaku)|1000|69|Y--|kyushu-u.ac.jp
jp|University of Tsukuba|e|094d217e-f0a1-ed11-aad1-000d3a85c377|University of Tsukuba (Tsukuba Daigaku)|1000|269|Y--|tsukuba.ac.jp
jp|Temple University, Japan Campus|e|25f841f2-f1a1-ed11-aad1-000d3a85c377|Temple University - Japan|1110|249|YYN|tuj.ac.jp
jp|Hokkaido University|e|544b217e-f0a1-ed11-aad1-000d3a85c377|Hokkaido University (Hokkaido Daigaku)|1000|178|Y--|global.hokudai.ac.jp
jp|Nagoya University|m|174c217e-f0a1-ed11-aad1-000d3a85c377|Nagoya University : International Programs|1000|49|YNN|admissions.g30.nagoya-u.ac.jp
jp|Osaka University|r|404c217e-f0a1-ed11-aad1-000d3a85c377|University of Osaka (Osaka Daigaku)|1000|59|Y--|osaka-u.ac.jp
kr|Yonsei University — Underwood International College|e|9a143767-f1a1-ed11-aad1-000d3a85c377|Yonsei University|1110|1163|YYN|yonsei.ac.kr
kr|Korea Advanced Institute of Science and Technology|e|554d217e-f0a1-ed11-aad1-000d3a85c377|Korea Advanced Institute of Science and Technology (KAIST)|1101|338|YYN|kaist.ac.kr
kr|Seoul National University|e|6af641f2-f1a1-ed11-aad1-000d3a85c377|Seoul National University|1100|862|YYN|snu.ac.kr
kr|Korea University|e|19153767-f1a1-ed11-aad1-000d3a85c377|Korea University|1100|979|YY-|oia.korea.ac.kr
kr|Sungkyunkwan University|e|444c1022-f2a1-ed11-aad1-000d3a85c377|Sungkyunkwan University|1101|887|YYN|skku.edu
kr|Ewha Womans University|e|21153767-f1a1-ed11-aad1-000d3a85c377|EWHA Womans University|1000|163|Y--|ewha.ac.kr
kr|Hanyang University|e|b1a42f04-f2a1-ed11-aad1-000d3a85c377|Hanyang University - Seoul|1000|566|Y--|oia.hanyang.ac.kr
kr|Pohang University of Science and Technology|e|b6a22f04-f2a1-ed11-aad1-000d3a85c377|Pohang University of Science and Technology (POSTECH)|1000|48|Y--|postech.ac.kr
kr|Sogang University|e|7ff641f2-f1a1-ed11-aad1-000d3a85c377|Sogang University|1100|370|YYN|sogang.ac.kr
kr|Kyung Hee University|e|4cf641f2-f1a1-ed11-aad1-000d3a85c377|Kyung Hee University|1000|54|Y--|oiak20.khu.ac.kr
kr|Ulsan National Institute of Science and Technology|e|310ddf9a-f2a1-ed11-aad1-000d3a85c377|Ulsan National Institute of Science and Technology (UNIST)|1000|46|YNN|unist.ac.kr
kr|Handong Global University|e|4b10ec8e-f2a1-ed11-aad1-000d3a85c377|Handong Global University|1100|12|YYN|handong.edu
kr|Chung-Ang University|e|a9a22f04-f2a1-ed11-aad1-000d3a85c377|Chung-Ang University|1101|516|YYN|cau.ac.kr
lt|Vilnius University|e|594d217e-f0a1-ed11-aad1-000d3a85c377|Vilnius University (Vilniaus Universitetas)|1000|147|YNN|vu.lt
lt|ISM University of Management and Economics|e|82093ff8-f1a1-ed11-aad1-000d3a85c377|ISM University of Management and Economics|1000|59|Y--|ism.lt
lt|Vytautas Magnus University|e|75093ff8-f1a1-ed11-aad1-000d3a85c377|Vytautas Magnus University (Vytauto Didžiojo Universitetas)|1100|18|YYN|vdu.lt
lt|Vilnius Gediminas Technical University|e|1e1357c1-8dbe-ed11-83fe-002248ebf6a1|Vilnius Gediminas Technical University (Vilniaus Gedimino Technikos Universitetas)|1000|31|Y--|vilniustech.lt
lt|Mykolas Romeris University|e|ce111975-f3a1-ed11-aad1-000d3a85c377|Mykolas Romeris University (Mykolo Romerio Universitetas)|1000|10|YNN|mruni.eu
lt|LCC International University|e|6ea53357-f3a1-ed11-aad1-000d3a85c377|LCC International University|1000|17|YNY|lcc.lt
lu|University of Luxembourg|e|515de494-f2a1-ed11-aad1-000d3a85c377|Université du Luxembourg (University of Luxembourg)|1000|45|Y--|uni.lu
lv|University of Latvia|e|6aa53357-f3a1-ed11-aad1-000d3a85c377|University of Latvia (Latvijas Universitāte)|1001|46|YNY|lu.lv
lv|Riga Stradins University|e|69edc3be-f2a1-ed11-aad1-000d3a85c377|Riga Stradins University - RSU (Rīgas Stradiņa Universitāte)|1000|126|Y--|rsu.lv
mt|University of Malta|m|8a4d217e-f0a1-ed11-aad1-000d3a85c377|University of Malta|1000|258|YNY|um.edu.mt
nl|University of Amsterdam|m|11981984-f0a1-ed11-aad1-000d3a85c377|University of Amsterdam (Universiteit van Amsterdam)|1000|9396|YNY|uva.nl
nl|Delft University of Technology|e|be4d217e-f0a1-ed11-aad1-000d3a85c377|Delft University of Technology (Technische Universiteit Delft)|1000|1721|YNY|tudelft.nl
nl|Maastricht University|e|0f981984-f0a1-ed11-aad1-000d3a85c377|Maastricht University (Universiteit Maastricht)|1000|4739|YNY|maastrichtuniversity.nl
nl|University of Groningen|e|28981984-f0a1-ed11-aad1-000d3a85c377|University of Groningen|1000|4937|YNY|rug.nl
nl|Utrecht University|m|9f08f5a7-f0a1-ed11-aad1-000d3a85c377|Utrecht University|1000|2064|Y--|uu.nl
nl|Leiden University|e|de4d217e-f0a1-ed11-aad1-000d3a85c377|Leiden University|1100|3353|YYY|universiteitleiden.nl
nl|Erasmus University Rotterdam|e|b5563b51-f3a1-ed11-aad1-000d3a85c377|Erasmus University Rotterdam|1000|3477|YNY|eur.nl
nl|Vrije Universiteit Amsterdam|e|95cf5849-f1a1-ed11-aad1-000d3a85c377|Vrije Universiteit Amsterdam (VU Amsterdam)|1000|3082|YNY|vu.nl
nl|Eindhoven University of Technology|e|cecf5849-f1a1-ed11-aad1-000d3a85c377|Eindhoven University of Technology - TUE (Technische Universiteit Eindhoven)|1000|2807|YNY|tue.nl
nl|University of Twente|m|13d05849-f1a1-ed11-aad1-000d3a85c377|University of Twente (Universiteit Twente)|1100|2297|YYY|utwente.nl
nl|Wageningen University & Research|e|dd9f2210-f2a1-ed11-aad1-000d3a85c377|Wageningen University and Research|1000|446|YNY|wur.nl
nl|Radboud University|e|a09f2210-f2a1-ed11-aad1-000d3a85c377|Radboud University|1100|794|YYY|ru.nl
nl|Tilburg University|e|e44d217e-f0a1-ed11-aad1-000d3a85c377|Tilburg University|1000|3147|YNY|tilburguniversity.edu
nl|Amsterdam University of Applied Sciences|m|78563b51-f3a1-ed11-aad1-000d3a85c377|Amsterdam University of Applied Sciences (Hogeschool van Amsterdam)|1101|607|YYN|hva.nl
nl|Breda University of Applied Sciences|e|fc073ff8-f1a1-ed11-aad1-000d3a85c377|Breda University of Applied Sciences (BUas)|1001|222|YNY|buas.nl
nl|Hanze University of Applied Sciences|r|431b514f-f1a1-ed11-aad1-000d3a85c377|Hanze University of Applied Sciences Groningen (Hanzehogeschool Groningen)|1101|491|YYY|hanze.nl
no|University of Agder|e|32981984-f0a1-ed11-aad1-000d3a85c377|Universitetet i Agder (University of Agder)|1000|133|Y--|uia.no
no|BI Norwegian Business School|r|2d981984-f0a1-ed11-aad1-000d3a85c377|Handelshøyskolen BI (BI Norwegian Business School)|1100|363|YYY|bi.edu
no|Inland Norway University of Applied Sciences|r|41247802-f4a1-ed11-aad1-000d3a85c377|Universitetet i Innlandet (INN) (University of Inland Norway (INN))|1000|45|Y--|inn.no
no|Norwegian School of Economics|r|fd212779-f1a1-ed11-aad1-000d3a85c377|NHH Norwegian School of Economics|1100|173|YYY|nhh.no
no|Norwegian University of Life Sciences|e|5f981984-f0a1-ed11-aad1-000d3a85c377|Norges Miljø og Biovitenskapelige Universitet (Norwegian University of Life Sciences)|1100|109|YYY|nmbu.no
no|University of Oslo|e|6d981984-f0a1-ed11-aad1-000d3a85c377|Universitetet i Oslo (University of Oslo)|1000|733|Y--|uio.no
no|Nord University|r|87a39ee4-f3a1-ed11-aad1-000d3a85c377|Nord Universitet - Bodø (Nord University - Bodoe)|1000|77|Y--|nord.no
no|Norwegian University of Science and Technology|r|a408f5a7-f0a1-ed11-aad1-000d3a85c377|NTNU i Trondheim (Norwegian University of Science and Technology)|1100|622|YYY|ntnu.no
no|University of Bergen|e|65981984-f0a1-ed11-aad1-000d3a85c377|Universitetet i Bergen (University of Bergen)|1000|333|Y--|uib.no
no|UiT The Arctic University of Norway|r|d90e503f-f3a1-ed11-aad1-000d3a85c377|UiT - Norges Arktiske Universitet (Arctic University of Norway - UiT)|1100|124|YYY|uit.no
no|Norwegian School of Sport Sciences|e|60981984-f0a1-ed11-aad1-000d3a85c377|Norges Idretthøgskole (Norwegian School of Sport Sciences)|1000|5|YNY|nih.no
no|University of Stavanger|e|46981984-f0a1-ed11-aad1-000d3a85c377|Universitetet i Stavanger (University of Stavanger)|1000|118|Y--|uis.no
no|Oslo Metropolitan University|e|9d5537fe-f1a1-ed11-aad1-000d3a85c377|Oslo Metropolitan University (OsloMet)|1000|235|Y--|oslomet.no
nz|University of Auckland|m|2ed05849-f1a1-ed11-aad1-000d3a85c377|University of Auckland|1000|2251|Y--|auckland.ac.nz
nz|University of Otago|e|d81a514f-f1a1-ed11-aad1-000d3a85c377|University of Otago|1000|916|YNY|otago.ac.nz
nz|Victoria University of Wellington - Te Herenga Waka|e|e81a514f-f1a1-ed11-aad1-000d3a85c377|Victoria University of Wellington|1000|566|YNY|wgtn.ac.nz
nz|University of Canterbury|e|39d05849-f1a1-ed11-aad1-000d3a85c377|University of Canterbury|1110|438|YYY|canterbury.ac.nz
nz|Massey University|e|d11a514f-f1a1-ed11-aad1-000d3a85c377|Massey University|1000|201|Y--|massey.ac.nz
nz|University of Waikato|e|e51a514f-f1a1-ed11-aad1-000d3a85c377|University of Waikato|1000|120|YNY|waikato.ac.nz
nz|Auckland University of Technology|e|f41a514f-f1a1-ed11-aad1-000d3a85c377|Auckland University of Technology|1001|266|YNN|aut.ac.nz
nz|Lincoln University|e|3ed05849-f1a1-ed11-aad1-000d3a85c377|Lincoln University|1101|26|YYN|lincoln.ac.nz
pl|University of Warsaw|e|51991984-f0a1-ed11-aad1-000d3a85c377|University of Warsaw (Uniwersytet Warszawski)|1000|573|Y--|en.uw.edu.pl
pl|Jagiellonian University|e|cb133767-f1a1-ed11-aad1-000d3a85c377|Jagiellonian University (Uniwersytet Jagiellonski)|1000|269|Y--|en.uj.edu.pl
pl|Warsaw University of Technology|m|58083ff8-f1a1-ed11-aad1-000d3a85c377|Warsaw University of Technology (Politechnika Warszawska)|1000|213|Y--|students.pw.edu.pl
pl|SGH Warsaw School of Economics|r|6d632f6d-f1a1-ed11-aad1-000d3a85c377|Warsaw School of Economics (Szkola Glowna Handlowa, SGH)|1000|185|Y-Y|sgh.waw.pl
pl|Poznan University of Medical Sciences|r|49ff171c-f2a1-ed11-aad1-000d3a85c377|Poznan University of Medical Sciences (Uniwersytet Medyczny im. Karola Marcinkowskiego w Poznaniu)|1000|129|Y--|ump.edu.pl
pl|Medical University of Gdansk|r|1a991984-f0a1-ed11-aad1-000d3a85c377|Medical University of Gdansk (Gdański Uniwersytet Medyczny)|1000|409|YNY|mug.edu.pl
pl|Medical University of Warsaw|e|daf541f2-f1a1-ed11-aad1-000d3a85c377|Warszawski Uniwersytet Medyczny (Medical University of Warsaw)|1000|382|Y--|wum.edu.pl
pl|University of Wroclaw|r|58991984-f0a1-ed11-aad1-000d3a85c377|University of Wroclaw (Uniwersytet Wrocławski)|1000|132|Y--|uwr.edu.pl
pl|Poznan University of Technology|e|b608f5a7-f0a1-ed11-aad1-000d3a85c377|Poznan University of Technology (Politechnika Poznanska)|1000|35|YNY|put.poznan.pl
pt|Universidade NOVA de Lisboa|m|23ce5849-f1a1-ed11-aad1-000d3a85c377|Universidade Nova de Lisboa (NOVA University Lisbon)|1000||Y--|unl.pt
pt|Universidade de Coimbra|e|75563b51-f3a1-ed11-aad1-000d3a85c377|Universidade de Coimbra (University of Coimbra)|1000||YNN|uc.pt
pt|Universidade Católica Portuguesa|e|5c991984-f0a1-ed11-aad1-000d3a85c377|Universidade Católica Portuguesa (Catholic University of Portugal)|1000|158|Y--|ucp.pt
se|Lund University|e|e1991984-f0a1-ed11-aad1-000d3a85c377|Lund University|1000||Y--|lunduniversity.lu.se
se|Uppsala University|e|109a1984-f0a1-ed11-aad1-000d3a85c377|Uppsala University (Uppsala Universitet)|1000||Y--|uu.se
se|Stockholm University|r|009a1984-f0a1-ed11-aad1-000d3a85c377|University of Stockholm (Stockholms Universitet)|1000||Y--|su.se
se|KTH Royal Institute of Technology|e|f6991984-f0a1-ed11-aad1-000d3a85c377|KTH Royal Institute of Technology (Kungliga Tekniska Högskolan)|1000||Y--|kth.se
se|Chalmers University of Technology|e|b2991984-f0a1-ed11-aad1-000d3a85c377|Chalmers University of Technology (Chalmers Tekniska Högskola)|1000||Y-Y|chalmers.se
se|University of Gothenburg|r|c808f5a7-f0a1-ed11-aad1-000d3a85c377|Göteborgs Universitet (Gothenburg University)|1000||Y--|gu.se
se|Stockholm School of Economics|e|c1991984-f0a1-ed11-aad1-000d3a85c377|Stockholm School of Economics (Handelshögskolan i Stockholm)|1000||YNY|hhs.se
se|Jonkoping University|e|df133767-f1a1-ed11-aad1-000d3a85c377|Jönköping University (Jonkoping University)|1000||Y--|ju.se
se|Linkoping University|e|15f12b5d-f3a1-ed11-aad1-000d3a85c377|Linköping University (Linköpings Universitet)|1000||Y--|liu.se
se|Umea University|e|f9991984-f0a1-ed11-aad1-000d3a85c377|Umeå University (Umeå Universitet)|1000||Y--|umu.se
se|Malmo University|e|833e8ff0-f3a1-ed11-aad1-000d3a85c377|Malmö University (Malmö Universitet)|1000||Y--|mau.se
se|Lulea University of Technology|e|fd133767-f1a1-ed11-aad1-000d3a85c377|Luleå Tekniska Universitet (Luleå University of Technology)|1000||Y--|ltu.se
se|Swedish University of Agricultural Sciences|e|7da949ec-f1a1-ed11-aad1-000d3a85c377|Swedish University of Agricultural Sciences (SLU)|1000||Y--|slu.se
se|Karolinska Institutet|e|db991984-f0a1-ed11-aad1-000d3a85c377|Karolinska Institutet|1000||Y--|ki.se
sg|National University of Singapore|e|94991984-f0a1-ed11-aad1-000d3a85c377|National University of Singapore (NUS)|1001|14183|YNY|nus.edu.sg
sg|Nanyang Technological University|e|91991984-f0a1-ed11-aad1-000d3a85c377|Nanyang Technological University|1010|12235|YNY|ntu.edu.sg
sg|Singapore Management University|e|9c991984-f0a1-ed11-aad1-000d3a85c377|Singapore Management University (SMU)|1110|6594|YYY|admissions.smu.edu.sg
sg|Singapore University of Technology and Design|e|fc5ce494-f2a1-ed11-aad1-000d3a85c377|Singapore University of Technology and Design|1000|2699|YNN|sutd.edu.sg
sg|Singapore Institute of Technology|m|180ddf9a-f2a1-ed11-aad1-000d3a85c377|Singapore Institute of Technology|1101|2264|YYY|singaporetech.edu.sg
sg|Singapore University of Social Sciences|e|e355a6de-f3a1-ed11-aad1-000d3a85c377|Singapore University of Social Sciences|1000|2309|YNY|suss.edu.sg
sg|LASALLE College of the Arts|e|8b4e1d16-f2a1-ed11-aad1-000d3a85c377|Lasalle College of the Arts|1001|263|YNY|lasalle.edu.sg
sg|Nanyang Academy of Fine Arts|e|b7a22f04-f2a1-ed11-aad1-000d3a85c377|Nanyang Academy of Fine Arts (NAFA)|1111|98|YYY|nafa.edu.sg
sg|James Cook University Singapore|e|894d1d16-f2a1-ed11-aad1-000d3a85c377|James Cook University - Singapore (JCUS)|1000|140|Y--|jcu.edu.sg
sg|Curtin Singapore|r|245ce494-f2a1-ed11-aad1-000d3a85c377|Curtin University - Singapore|1000|98|Y--|curtin.edu.sg
sg|Singapore Institute of Management (SIM Global Education)|e|590d503f-f3a1-ed11-aad1-000d3a85c377|SIM Global Education|1100|467|YYY|sim.edu.sg
sg|ESSEC Business School Asia-Pacific|e|c2f02b5d-f3a1-ed11-aad1-000d3a85c377|ESSEC Business School - Asia Pacific|1000|94|Y--|essec.edu
si|University of Ljubljana|e|a7991984-f0a1-ed11-aad1-000d3a85c377|University of Ljubljana (Univerza v Ljubljani)|1000|74|Y--|uni-lj.si
us|Harvard University|e|efa70996-f0a1-ed11-aad1-000d3a85c377|Harvard University|1100|996|YY-|harvard.edu
us|Yale University|e|d8ce5849-f1a1-ed11-aad1-000d3a85c377|Yale University|1110|926|YY-|yale.edu
us|Massachusetts Institute of Technology|m|980b029c-f0a1-ed11-aad1-000d3a85c377|Massachusetts Institute of Technology (MIT)|1110|564|YY-|web.mit.edu
us|Stanford University|e|96bcfca1-f0a1-ed11-aad1-000d3a85c377|Stanford University|1010|1344|Y--|stanford.edu
us|Amherst College|e|e6e6118a-f0a1-ed11-aad1-000d3a85c377|Amherst College|1101|177|YYN|amherst.edu
us|Bowdoin College|e|3709f5a7-f0a1-ed11-aad1-000d3a85c377|Bowdoin College|1110|192|YYN|bowdoin.edu
us|Grinnell College|e|9da70996-f0a1-ed11-aad1-000d3a85c377|Grinnell College|1110|224|YYN|grinnell.edu
us|Macalester College|e|270b029c-f0a1-ed11-aad1-000d3a85c377|Macalester College|1110|492|YYN|macalester.edu
us|New York University|e|800c029c-f0a1-ed11-aad1-000d3a85c377|New York University|1111|4991|YYN|nyu.edu
us|University of Michigan-Ann Arbor|e|40816043-f1a1-ed11-aad1-000d3a85c377|University of Michigan - Ann Arbor|1110|4622|YYN|admissions.umich.edu
us|University of California, Berkeley|e|b207f5a7-f0a1-ed11-aad1-000d3a85c377|University of California - Berkeley|1110|3943|YY-|berkeley.edu
us|University of Illinois Urbana-Champaign|r|f7806043-f1a1-ed11-aad1-000d3a85c377|University of Illinois at Urbana - Champaign|1111|3035|YYY|illinois.edu
us|Arizona State University|e|f2e6118a-f0a1-ed11-aad1-000d3a85c377|Arizona State University|1111|2324|YYY|asu.edu
dk|Aalborg University|e|9ee6118a-f0a1-ed11-aad1-000d3a85c377|Aalborg University (Aalborg Universitet)|1100|490|YYY|en.aau.dk
dk|Aarhus University|e|43ff2878-f0a1-ed11-aad1-000d3a85c377|Aarhus Universitet (Aarhus University)|1000|1092|Y-Y|international.au.dk
dk|Copenhagen Business School|e|49ff2878-f0a1-ed11-aad1-000d3a85c377|Copenhagen Business School|1100|1626|YYY|cbs.dk
dk|Technical University of Denmark|e|68ff2878-f0a1-ed11-aad1-000d3a85c377|Technical University of Denmark (Danmarks Tekniske Universitet)|1000|460|Y--|dtu.dk
dk|IT University of Copenhagen|e|854c1022-f2a1-ed11-aad1-000d3a85c377|IT University of Copenhagen (IT-Universitetet i København)|1000|200|YNN|en.itu.dk
dk|Roskilde University|e|51ff2878-f0a1-ed11-aad1-000d3a85c377|Roskilde University (Roskilde Universitet)|1000|354|Y--|ruc.dk
dk|University of Southern Denmark|e|5cff2878-f0a1-ed11-aad1-000d3a85c377|Syddansk Universitet (University of Southern Denmark)|1100|768|YYY|sdu.dk
dk|University of Copenhagen|e|d0622f6d-f1a1-ed11-aad1-000d3a85c377|University of Copenhagen (Københavns Universitet)|1000|393|Y-Y|studies.ku.dk
nl|Breda University of Applied Sciences|e|fc073ff8-f1a1-ed11-aad1-000d3a85c377|Breda University of Applied Sciences (BUas)|1001|222|YNY|buas.nl
nl|Erasmus University Rotterdam|e|b5563b51-f3a1-ed11-aad1-000d3a85c377|Erasmus University Rotterdam|1000|3477|YNY|eur.nl
nl|Maastricht University|e|0f981984-f0a1-ed11-aad1-000d3a85c377|Maastricht University (Universiteit Maastricht)|1000|4739|YNY|maastrichtuniversity.nl
nl|Delft University of Technology|e|be4d217e-f0a1-ed11-aad1-000d3a85c377|Delft University of Technology (Technische Universiteit Delft)|1000|1721|YNY|tudelft.nl
nl|University of Twente|m|13d05849-f1a1-ed11-aad1-000d3a85c377|University of Twente (Universiteit Twente)|1100|2297|YYY|utwente.nl
