country|ibName|statementId|state|recognisesDP|teachingLanguages|transcripts5y|website|admissionsLink|lat|lng
Türkiye|Abdullah Gül University (Abdullah Gül Üniversitesi)|08f296ea-f3a1-ed11-aad1-000d3a85c377||Yes|English|1|https://w3.agu.edu.tr/|https://intoffice.agu.edu.tr/agu-scholarships|38.737118|35.473534
Ghana|Accra College of Medicine|0ef22b5d-f3a1-ed11-aad1-000d3a85c377||Yes|English|15|https://www.acm.edu.gh|https://acm.edu.gh/undergraduate-admissions/|5.6486629|-0.1400174
Azerbaijan|ADA University|6409434b-f3a1-ed11-aad1-000d3a85c377||Yes|English|211|https://www.ada.edu.az/|https://www.ada.edu.az/en/admission/financial-aid|40.394599|49.84938
India|Ahmedabad University|c78eceb2-f2a1-ed11-aad1-000d3a85c377||Yes|English|596|https://ahduni.edu.in/?utm_source=gmb&utm_medium=gmb-listing&utm_campaign=gmb-ahmedabad-university|https://ahduni.edu.in/admission/undergraduate-admission/|23.0381364|72.5543807
Saudi Arabia|Al Faisal University|be42d6ac-f2a1-ed11-aad1-000d3a85c377||Yes|English|93|https://admissions.alfaisal.edu/en/|https://admissions.alfaisal.edu/en/criteria|24.6631199|46.6768473
Brazil|American Academy - Brazil|17b51b36-ef24-f011-8c4e-002248ee599c||Yes|English|0|https://www.pucpr.br/american-academy-en/|||
Bulgaria|American University in Bulgaria|9f5537fe-f1a1-ed11-aad1-000d3a85c377||Yes|English|31|https://www.aubg.edu/home-us/|https://www.aubg.edu/admissions/bachelors/how-to-apply/international-baccalaureate/|42.011889|23.094732
Egypt|American University in Cairo (AUC)|8aff2878-f0a1-ed11-aad1-000d3a85c377||Yes|English|1675|https://www.aucegypt.edu/academics/undergraduate-programs|https://www.aucegypt.edu/admissions/undergraduate-requirements|30.0191892|31.502902
Armenia|American University of Armenia (AUA)|8539bcc4-f2a1-ed11-aad1-000d3a85c377||Yes|English|19|http://aua.am/|https://policies.aua.am/ArcPolicy/130|40.1930556|44.5044443
Lebanon|American University of Beirut|c5153767-f1a1-ed11-aad1-000d3a85c377||Yes|English|1019|https://www.aub.edu.lb|https://www.aub.edu.lb/faid/Pages/Scholarships.aspx|33.90027|35.480561
Cyprus|American University of Beirut – Mediterraneo|66c6d9f7-7900-ee11-8f6d-002248ebf6a1||Yes|English|36|https://www.aubmed.ac.cy/|https://www.aubmed.ac.cy/Admissions/Pages/Undergraduate-Yearly-Tuition-and-Financial-Assistance.aspx|34.7677492|32.4167322
Kuwait|American University of Kuwait|fba32f04-f2a1-ed11-aad1-000d3a85c377||Yes|English|4|http://www.auk.edu.kw/|https://www.auk.edu.kw/admissions-financial-aid/admissions/general-admission-policy|29.343992|48.0834128
Jordan|American University of Madaba|ec40d6ac-f2a1-ed11-aad1-000d3a85c377||Yes|English|34|https://www.aum.edu.jo/|https://www.aum.edu.jo/admissions/registration_pre_admission||
Cambodia|American University of Phnom Penh (AUPP)|cf583b51-f3a1-ed11-aad1-000d3a85c377||Yes|English|7|http://aupp.edu.kh/|https://www.aupp.edu.kh/admission-policies/|11.6160001|104.9009457
India|Amity University - Noida|39a32f04-f2a1-ed11-aad1-000d3a85c377||Yes|English|122|https://amity.edu/||28.5439375|77.3330625
Brazil|Artmed School of Psychology (APSY)|a6d70d8c-8e74-f111-ab0f-000d3a8272d6||Yes|English/Portuguese|0|https://apsyedu.com.br/|https://apsyedu.com.br/graduacao/||
Ghana|Ashesi University|79083ff8-f1a1-ed11-aad1-000d3a85c377||Yes|English|181|https://www.ashesi.edu.gh/|https://ashesi.edu.gh/scholarships/||
India|Ashoka University|440e503f-f3a1-ed11-aad1-000d3a85c377||Yes|English|947|https://www.ashoka.edu.in||28.9469886|77.1014487
Philippines|Ateneo de Manila University|f7981984-f0a1-ed11-aad1-000d3a85c377||Yes|English/Filipino|526|https://www.ateneo.edu|https://www.ateneo.edu/ls/registrar/policies/crediting-ib-dp-exams|14.6398614|121.0784939
Nigeria|Atiba University|3fadfad7-5712-f111-8341-6045bd5a0e17||Yes|English|0|https://atibauniversity.edu.ng/|https://atibauniversity.edu.ng/admission/|7.8517269|3.9148408
India|Atlas Skilltech University|70a09575-f4a1-ed11-aad1-000d3a85c377||Yes|English|415|https://atlasuniversity.edu.in/|https://atlasuniversity.edu.in/admissions-policy/|19.0709103|72.8759417
India|Azim Premji University|37c4206f-f3a1-ed11-aad1-000d3a85c377||Yes|English|96|http://www.azimpremjiuniversity.edu.in/|https://azimpremjiuniversity.edu.in/undergraduate#eligibility-and-diversity|12.8452628|77.7768752
Nigeria|Babcock University|ed111975-f3a1-ed11-aad1-000d3a85c377||Yes|English|1|http://www.babcock.edu.ng/|https://babcock.edu.ng/admission/undergraduate|6.892376|3.7183243
Türkiye|Bahçeşehir University (Bahçeşehir Üniversitesi)|1d42d6ac-f2a1-ed11-aad1-000d3a85c377||Yes|English/Turkish|86|https://bau.edu.tr/|https://applybau.com/international|41.042165|29.0092591
Indonesia|Bandung Institute of Technology (Institut Teknologi Bandung)|0a4a1022-f2a1-ed11-aad1-000d3a85c377|||English|9|https://www.che.itb.ac.id/||-6.8903617|107.6101912
Lebanon|Beirut Arab University|aaf541f2-f1a1-ed11-aad1-000d3a85c377||Yes|English|32|https://www.bau.edu.lb|https://www.bau.edu.lb/Financial-Aid-and-Scholarships-at-BAU||
India|Bennett University|1fc6206f-f3a1-ed11-aad1-000d3a85c377||Yes|English|33|https://www.bennett.edu.in/|https://www.bennett.edu.in/admission/admission-process/|28.4506465|77.5841978
Türkiye|Bilkent University (Bilkent Üniversitesi)|85fe171c-f2a1-ed11-aad1-000d3a85c377||Yes|English|65|https://w3.bilkent.edu.tr/bilkent/|https://w3.bilkent.edu.tr/international/scholarships-for-international-students/|39.8746147|32.7475962
India|BITS Pilani - Pilani|378b87f6-f3a1-ed11-aad1-000d3a85c377||Yes|English|73|https://www.bits-pilani.ac.in/|https://www.bitsadmission.com/bitsat/download/Eligibility_for_Admissions.pdf|28.3591259|75.5881638
Türkiye|Bogazici University (Boğaziçi Üniversitesi)|264a1022-f2a1-ed11-aad1-000d3a85c377||Yes|English/Turkish|28|https://www.ubbcluj.ro/ro|https://cci.ubbcluj.ro/admission-international-students/candidates-from-other-countries/bachelor/|41.0891947|29.0508983
Egypt|British University in Egypt  (BUE)|eea32f04-f2a1-ed11-aad1-000d3a85c377||Yes|English|144|https://www.bue.edu.eg/|https://srs.bue.edu.eg/bue/admission_2025_26/Partial_Scholarships.aspx?|30.1177753|31.605976
Egypt|Cairo University|d4a22f04-f2a1-ed11-aad1-000d3a85c377||Yes|English|120|https://cu.edu.eg/Home||30.0272027|31.2085262
Qatar|Carnegie Mellon University in Qatar|a7a12f04-f2a1-ed11-aad1-000d3a85c377||Yes|English|120|https://qatar.cmu.edu|https://www.qatar.cmu.edu/admission/tuition-and-financial-aid/|25.316422|51.4401857
Mexico|Centro de Enseñanza Técnica y Superior (CETYS) (all campuses)|47fc5239-f3a1-ed11-aad1-000d3a85c377||Yes|Spanish|20|https://www.cetys.mx/|https://www.cetys.mx/becas-y-apoyos-financieros/|32.6547625|-115.4084339
Brazil|Centro Universitário Barão de Mauá - Unidade Central|fa0c6d83-a00f-ee11-8f6e-6045bd55e414||Yes|Portuguese|0|https://www.baraodemaua.br||-21.1828115|-47.7970976
Brazil|Centro Universitário São Camilo|374c0cbd-9828-ef11-840b-002248ebe682||Yes|Portuguese|11|https://saocamilo-sp.br/|https://saocamilo-sp.br/processo-seletivo-international-baccalaureate/|-20.8602409|-41.1210479
Brazil|Cesar School|87f882d5-02a6-f111-aaad-70a8a50379fd||Yes|Portuguese|0|https://www.cesar.school/|https://www.cesar.school/graduacao/processo-seletivo-vestibular/|-8.0596986|-34.8724827
India|Christ University|dc0cdf9a-f2a1-ed11-aad1-000d3a85c377||Yes|English|966|https://christuniversity.in/|https://christuniversity.in/center/C/Scholarship-and-Fellowship-Support-Cell|12.9362362|77.6061888
Thailand|Chulalongkorn University|6a083ff8-f1a1-ed11-aad1-000d3a85c377||Yes|English/Thai|122|https://www.chula.ac.th/en/|https://www.chula.ac.th/en/academics/admissions/undergraduate-admissions/#requirements-and-additional-information-for-undergraduate-admissions|13.7388624|100.5284077
Thailand|CMKL University|fc9d9575-f4a1-ed11-aad1-000d3a85c377||Yes|English|1|https://www.cmkl.ac.th/|https://cmkl.ac.th/students/financial-aid|13.7275905|100.7783353
Colombia|Colegio de Estudios Superiores de Administración|dc991984-f0a1-ed11-aad1-000d3a85c377||Yes|English/Spanish|21|https://www.cesa.edu.co/|https://www.cesa.edu.co/financiacion-becas/|4.6217294|-74.0662317
Cyprus|Cyprus University of Technology (CUT)|a95de494-f2a1-ed11-aad1-000d3a85c377||Yes|English/Greek, Modern (1453-)|1|https://www.cut.ac.cy/|https://www.cut.ac.cy/studies/admissions/bachelor-programmes-admissions/international-students/?languageId=1|34.675141|33.044167
Philippines|De La Salle University|fe981984-f0a1-ed11-aad1-000d3a85c377||Yes|English|153|https://www.dlsu.edu.ph/|https://www.dlsu.edu.ph/admissions/undergraduate/#|14.5647642|120.9931652
Brazil|Escola de Negócios Saint Paul|f7d66e17-a4c3-f011-bbd3-00224817eaeb||Yes|Portuguese|0|https://www.saintpaul.com.br/|https://www.saintpaul.com.br/graduacao|-23.5514374|-46.6557393
Brazil|Escola Superior de Propaganda e Marketing (ESPM) - Sao Paulo|f84a1022-f2a1-ed11-aad1-000d3a85c377||Yes|Portuguese|37|https://www.espm.br/|https://www.espm.br/cursos-de-graduacao/processos-seletivos/processos-internacionais/|-23.5898948|-46.6399589
Ecuador|Escuela Superior Politecnica del Litoral|028a87f6-f3a1-ed11-aad1-000d3a85c377||Yes|Spanish|19|http://www.admision.espol.edu.ec/|http://www.admision.espol.edu.ec/proceso-de-admision/bachillerato-internacional||
Bahrain|Euro University of Bahrain|66bb6244-5259-ee11-be6f-000d3a85d629||Yes|English|3|https://eub.edu.bh/|||
Cyprus|European University Cyprus|cd09434b-f3a1-ed11-aad1-000d3a85c377||Yes|English/Greek, Modern (1453-)|102|https://euc.ac.cy|https://euc.ac.cy/en/admissions/finance-aid/scholarship-aid|35.1602581|33.338985
Brazil|Faculdade Belavista|8fefb6e9-dcd7-ef11-8ee9-000d3a818591||Yes|Portuguese|0|https://faculdadebelavista.edu.br|https://faculdadebelavista.edu.br/contato/|-23.555757|-46.6784019
Brazil|Faculdade Cultura Inglesa|39b24ffe-9c59-f111-a825-6045bd5767af||Yes|English/Portuguese|0|https://www.faculdadeculturainglesa.com.br/|https://www.culturainglesa.com.br/faculdade/graduacao|-23.5439714|-46.6563034
Brazil|Faculdade ESEG - Grupo ETAPA|fd2a8f56-d96d-f011-b4cb-6045bd5a1521||Yes|Portuguese|0|https://lp.eseg.edu.br/vestibular/exame-internacional||-23.5758368|-46.6404893
Brazil|Faculdade Israelita de Ciências da Saúde Albert Einstein (FICSAE)|d4a87893-f4a1-ed11-aad1-000d3a85c377||Yes|Portuguese|67|https://ensino.einstein.br/|https://ensino.einstein.br/graduacao||
Brazil|Faculdade Presbiteriana Mackenzie Rio|cc7961c9-0601-f111-8406-7ced8dfee0ff||Yes|Portuguese|0|https://www.mackenzie.br/faculdades/rio|https://www.mackenzie.br/responsabilidade-social/coordenacao-de-bolsas-de-estudo|-22.9433098|-43.1842789
Brazil|Faculdade Santa Marcelina (FSM)|00a77893-f4a1-ed11-aad1-000d3a85c377||Yes|Portuguese|17|https://www.santamarcelina.edu.br/faculdade/saopaulo/|https://www.santamarcelina.edu.br/faculdade/saopaulo/filantropia-bolsa-de-estudo/|-23.5362385|-46.6651698
Brazil|Faculdade São Leopoldo Mandic|56fa7d8d-f4a1-ed11-aad1-000d3a85c377||Yes|Portuguese|21|https://slmandic.edu.br/|https://www.slmandic.edu.br|-23.0116344|-46.8375899
Brazil|Faculdade Sírio-Libanês|ae67e823-9328-ef11-840b-002248ebe682||Yes|Portuguese|15|https://www.faculdadesiriolibanes.org.br/fsl/|||
Brazil|FAE Centro Universitário|c7c95c68-1c11-ef11-9f8a-000d3a80dfc2||Yes|Portuguese|1|https://www.fae.edu|https://fae.edu/formas-de-ingresso/exame-internacional.vm|-25.4378712|-49.2739405
Brazil|FDV - Faculdade de Direito de Vitória|c57daddc-ca39-f111-88b4-6045bd55bc26||Yes|English/Portuguese|0|https://www.fdv.br/|https://graduacao.fdv.br/||
Brazil|FIA Business School (Fundação Instituto de Administração)|bf762869-f3a1-ed11-aad1-000d3a85c377||Yes|Portuguese|6|https://fia.com.br/|https://fia.com.br/graduacao/||
Panama|Florida State University - Republic of Panama|338eceb2-f2a1-ed11-aad1-000d3a85c377||Yes|English|18|https://pc.fsu.edu/|https://admissions.fsu.edu/first-year/credit|9.0052463|-79.5893705
Vietnam|Fulbright University - Vietnam|176e6314-f4a1-ed11-aad1-000d3a85c377||Yes|English|21|https://fulbright.edu.vn/|https://fulbright.edu.vn/tuition-and-aid-scholarships/|10.7271261|106.7204887
Brazil|Fundação Armando Alvares Penteado (FAAP)|fb5537fe-f1a1-ed11-aad1-000d3a85c377||Yes|Portuguese|10|https://www.faap.br|https://vestibular.faap.br|-23.5450358|-46.6629439
Brazil|Fundação Getulio Vargas - Central Admission|c1f02b5d-f3a1-ed11-aad1-000d3a85c377||Yes|Portuguese|231|https://portal.fgv.br/en|https://vestibular.fgv.br/en/scholarships|-22.9416613|-43.1800529
Qatar|Georgetown University - Qatar|7b4c1022-f2a1-ed11-aad1-000d3a85c377||Yes|English|168|https://www.qatar.georgetown.edu|https://www.qatar.georgetown.edu/admissions/financial-aid/|25.318211|51.443331
Oman|German University of Technology in Oman (GUTech)|1d3fda02-2809-ee11-8f6e-002248ebf6a1||Yes|English|2|http://www.gutech.edu.om/|https://www.gutech.edu.om/admissions-scholarships/|23.636385|58.0459386
Brazil|Hayek Global College - Faculdade Internacional Brasilia|29c6bd7d-2e37-f111-88b4-6045bd5767af||Yes|English|0|https://www.hayekcollege.com|https://www.hayekcollege.com/college-admissions-guide|-15.7885382|-47.872469
Israel|Hebrew University of Jerusalem|ab002978-f0a1-ed11-aad1-000d3a85c377||Yes|Hebrew|46|http://en.huji.ac.il|https://en.huji.ac.il/scholarship_opportunities|31.7945578|35.2414009
Malaysia|Heriot-Watt University - Malaysia|710a434b-f3a1-ed11-aad1-000d3a85c377||Yes|English|31|https://www.hw.ac.uk/malaysia/|https://www.hw.ac.uk/malaysia/doc/scholarships-application-form-hwum.pdf||
Vietnam|Ho Chi Minh City University of Technology|92f196ea-f3a1-ed11-aad1-000d3a85c377||Yes|English|7|https://hcmut.edu.vn/en|https://oisp.hcmut.edu.vn/en/scholarship/hcmut-bach-khoa-scholarships|10.772075|106.6579018
Malaysia|IMU University|b6ad2773-f1a1-ed11-aad1-000d3a85c377||Yes|English|85|https://www.imu.edu.my/|https://www.imu.edu.my/support-services/application-requirements-procedures/|3.0597789|101.6872524
Brazil|INATEL - Instituto Nacional de Telecomunicações|ab438132-70ae-f011-bbd2-000d3a813a46||Yes|Portuguese|0|https://inatel.br/home/|||
India|Indian School of Design and Innovation (ISDI)|b1563b51-f3a1-ed11-aad1-000d3a85c377||Yes|English|61|http://www.isdi.in/|https://atlasuniversity.edu.in/admissions-policy/|19.0708113|72.8760992
India|Indian School of Hospitality|0e3e8ff0-f3a1-ed11-aad1-000d3a85c377||Yes|English|16|https://www.ish.edu.in/||28.3919525|76.9749328
Pakistan|Indus Valley School of Art and Architecture|3f3ba280-eb14-ee11-9cbe-002248ebf6a1||Yes|English|0|https://www.indusvalley.edu.pk/home|https://www.indusvalley.edu.pk/financial-aid||
Brazil|Insper|eb0a5ad0-bade-ed11-a7c7-002248ebf6a1||Yes|Portuguese|166|https://www.insper.edu.br/|https://www.insper.edu.br/vestibular/|-23.5986013|-46.6859858
Brazil|Instituto Brasileiro de Ensino, Desenvolvimento e Pesquisa (IDP)|ead87ffc-f3a1-ed11-aad1-000d3a85c377||Yes|Portuguese|0|https://www.idp.edu.br|||
Brazil|Instituto de Educação Médica (IDOMED)|65a49e8b-cc19-f011-998a-002248ee599c||Yes|Portuguese|1|https://www.idomed.com.br/|https://www.idomed.com.br/selecao?curso=51&formacao=GRAD||
Brazil|Instituto de Tecnologia e Liderança (INTELI)|18f13476-ba28-ef11-840b-002248ebe682||Yes|Portuguese|2|https://www.inteli.edu.br/|https://www.inteli.edu.br/bolsa-de-estudo/|-23.5558659|-46.7338681
Brazil|Instituto IBMEC|cd3d8ff0-f3a1-ed11-aad1-000d3a85c377||Yes|Portuguese|37|https://estude.ibmec.br/|https://www.ibmec.br/processos-internacionais|-23.5576762|-46.6622687
Brazil|Instituto Mauá de Tecnologia (IMT)|619a8881-f4a1-ed11-aad1-000d3a85c377||Yes|English/Portuguese|15|https://www.maua.br|https://maua.br/vestibular/bolsas-e-financiamentos|-23.6480061|-46.5735554
Mexico|Instituto Tecnológico Autónomo de México (ITAM)|144f1d16-f2a1-ed11-aad1-000d3a85c377||Yes|Spanish|33|https://www.itam.mx/|http://escolar.itam.mx/licenciaturas/bachillerato_internacional.php||
Argentina|Instituto Tecnológico de Buenos Aires (ITBA)|ffaf2773-f1a1-ed11-aad1-000d3a85c377||Yes|Spanish|16|https://www.itba.edu.ar/|https://www.itba.edu.ar/grado/ingreso-a-licenciatura/||
Uganda|International University of East Africa|053a7b87-5612-f111-8341-6045bd5a0e17||Yes|English|0|https://iuea.ac.ug/|https://iuea.ac.ug/admissions/|0.2858884|32.6077911
Monaco|International University of Monaco|70632f6d-f1a1-ed11-aad1-000d3a85c377||Yes|English|95|https://www.monaco.edu/|https://www.monaco.edu/program/tuition_fees_admissions-requirements/|43.7347672|7.4178585
Türkiye|Istanbul Bilgi University (İstanbul Bilgi Üniversitesi)|de133767-f1a1-ed11-aad1-000d3a85c377||Yes|English|30|https://www.bilgi.edu.tr/en/|https://www.bilgi.edu.tr/en/international/|41.0677587|28.9467185
Brazil|Istituto Europeo di Design (IED) - Brazil|872d0edd-a2d9-f011-8544-002248ed75a0||Yes|Portuguese|0|https://www.ied.edu/||-23.5439985|-46.6584718
Indonesia|Jakarta International College (JIC)|e18fceb2-f2a1-ed11-aad1-000d3a85c377||Yes|English|5|https://www.jic.ac.id|https://www.jic.ac.id/pathway-australia-main/monash-college-diploma/diploma-of-business-main|-6.181555|106.7959688
India|Kalinga Institute of Industrial Technology (KIIT)|cbbad9a0-f2a1-ed11-aad1-000d3a85c377||Yes|English|4|https://kiitee.kiit.ac.in/|https://kiitee.kiit.ac.in/eligibility-criteria/|20.3531509|85.8192987
Nepal|Kathmandu University|06222779-f1a1-ed11-aad1-000d3a85c377||Yes|English|20|https://www.ku.edu.np/|https://doai.ku.edu.np/news-app/call-for-application-for-admission-in-undergraduate-program-academic-year-2024-b.e.-chemical-engineering?tags=Chemical%20Engineering&search_site_name=kudoai&show_on_home=0|27.6193566|85.5387702
Türkiye|Koç University (Koç Üniversitesi)|80f90a28-f2a1-ed11-aad1-000d3a85c377||Yes|English|182|https://www.ku.edu.tr/en/|https://international.ku.edu.tr/undergraduate-programs/tuition-and-scholarships/|41.20543|29.0724115
Lebanon|Lebanese American University|9408f5a7-f0a1-ed11-aad1-000d3a85c377||Yes|English|564|https://www.lau.edu.lb/|https://www.lau.edu.lb/apply/financial-aid/scholarships.php|33.8930148|35.4778415
Brazil|Link School of Business (LSB)|05519d6f-f4a1-ed11-aad1-000d3a85c377||Yes|Portuguese|7|https://lsb.edu.br/en/|https://lsb.edu.br/wp-content/uploads/2024/09/23fbc-47d4f-e064a-b10ee.pdf|-23.5840579|-46.669732
Macao|Macao University of Tourism (UTM)|a441d6ac-f2a1-ed11-aad1-000d3a85c377||Yes|Chinese Traditional/English|6|https://www.utm.edu.mo/|https://www.utm.edu.mo/iftadmission/financial-assistance-scholarship|22.2069748|113.5476698
Macao|Macau University of Science and Technology|1ca02210-f2a1-ed11-aad1-000d3a85c377||Yes|Cantonese/English/Mandarin|88|https://www.must.edu.mo/en|https://ugadmissions.must.edu.mo/page/id-2822.html?locale=en_US|22.152579|113.5676887
India|Manav Rachna International Institute of Research and Studies (MRIIRS)|3510ec8e-f2a1-ed11-aad1-000d3a85c377||Yes|English|1|https://manavrachna.edu.in/mriirs||28.4566925|77.2757034
India|Manav Rachna University|4597e490-c0ea-ee11-a1fe-6045bd5a3c6f||Yes|English|1|https://manavrachna.edu.in/mru|https://manavrachna.edu.in/assets/campus/mru/pdf/Recognition%20of%20International%20Baccalaureate%20Diploma%20as%20Equivalent%20to%2010+2%20Level%20Examination.pdf|28.4487079|77.2824481
India|Manipal University - Jaipur|452b3063-f3a1-ed11-aad1-000d3a85c377||Yes|English|59|https://jaipur.manipal.edu/index.php|https://jaipur.manipal.edu/indian-program-offered-eligibility.php#ug|26.8438552|75.5652343
India|MIT Institute of Design|6a8eceb2-f2a1-ed11-aad1-000d3a85c377||Yes|English|11|https://www.mitid.edu.in/admission/admission-process/|https://www.mitid.edu.in/nri-international-students/|18.4923779|74.0211065
India|MIT World Peace University|9aa39ee4-f3a1-ed11-aad1-000d3a85c377||Yes|English|84|https://mitwpu.edu.in/|https://mitwpu.edu.in/academics/faq|18.5177559|73.8151112
Nigeria|MIVA Open University|8b23503a-5712-f111-8341-6045bd5767af||Yes|English|0|https://miva.edu.ng/|https://miva.edu.ng/direct-entry-at-miva-open-university/|9.068508|7.4369577
Malaysia|Monash University - Malaysia|26163767-f1a1-ed11-aad1-000d3a85c377||Yes|English|506|https://www.monash.edu.my/|https://www.monash.edu.my/student-services/financial-assistance/scholarships-and-study-loans/merit-scholarships#tabs__1745923-03|3.0649887|101.6009426
Egypt|MSA University|db093ff8-f1a1-ed11-aad1-000d3a85c377||Yes|English|51|https://msa.edu.eg/msauniversity/about-msa/welcome-to-msa/msa-flyer|https://msa.edu.eg/msauniversity/|29.9567006|30.9579462
India|Mumbai Educational Trust- Institute of International Studies (MET)|fc683047-75c9-ed11-b596-6045bd55e414||Yes|English|2|https://www.met.edu/institute/institute_of_international_studies|https://www.met.edu/institute/institute_of_international_studies/Business_Administration|19.051998|72.829594
India|Narsee Monjee College of Commerce and Economics|66093ff8-f1a1-ed11-aad1-000d3a85c377||Yes|English|238|https://nmcollege.in/|https://nmcollege.in/admissions/under-graduate|19.1075371|72.8378141
Kazakhstan|Nazarbayev University|d809434b-f3a1-ed11-aad1-000d3a85c377||Yes|English|99|https://nu.edu.kz/admissions/typesofstudy/undergraduate|https://nu.edu.kz/|51.0905303|71.3981646
Egypt|New Giza University (NGU)|c7f12b5d-f3a1-ed11-aad1-000d3a85c377||Yes|English|374|https://www.ngu.edu.eg|https://ngu.edu.eg/ng-admissions/#3009|30.0167267|31.066076
Malaysia|Newcastle University Medicine Malaysia (NUMed Malaysia)|978dceb2-f2a1-ed11-aad1-000d3a85c377||Yes|English|38|https://www.ncl.ac.uk/|https://www.ncl.ac.uk/numed/study-with-us/how-to-apply/|1.4289635|103.6133449
South Africa|NHL Stenden - South Africa|57bc0c4e-5a12-f111-8341-6045bd5a0e17||Yes|English|0|https://stenden.ac.za/|https://stenden.ac.za/admissions/admission-policies/|-33.5998458|26.8924244
Qatar|Northwestern University - Qatar|3f4d1d16-f2a1-ed11-aad1-000d3a85c377||Yes|English|101|https://www.qatar.northwestern.edu|https://www.qatar.northwestern.edu/admissions/undergraduate/tuition-aid.html|25.318341|51.445628
Lebanon|Notre Dame University - Louaize|8c4d1d16-f2a1-ed11-aad1-000d3a85c377||Yes|English|57|https://www.ndu.edu.lb|https://www.ndu.edu.lb/about-ndu/administration/offices/office-of-student-affairs/department-of-financial-aid/new-students||
Nigeria|Pan-Atlantic University|81a97893-f4a1-ed11-aad1-000d3a85c377||Yes|English|5|http://pau.edu.ng/|https://pau.edu.ng/admissions/direct-entry/|6.4826541|3.8553392
India|Pearl Academy|e50bdf9a-f2a1-ed11-aad1-000d3a85c377||Yes|English|51|https://www.pearlacademy.com|https://www.pearlacademy.com/admissions/scholarships|28.6509313|77.1215812
Lebanon|Phoenicia University|93f97d8d-f4a1-ed11-aad1-000d3a85c377||Yes|English|1|https://pu.edu.lb/|https://pu.edu.lb/financial-aid-and-scholarship||
India|Plaksha University|60727008-f4a1-ed11-aad1-000d3a85c377||Yes|English|167|https://plaksha.edu.in|https://plaksha.edu.in/scholarship|30.6310588|76.7255981
Argentina|Pontificia Universidad Católica Argentina|03b02773-f1a1-ed11-aad1-000d3a85c377||Yes|Spanish|10|https://uca.edu.ar/es/home|https://uca.edu.ar/es/formacion-preuniversitaria/preguntas-frecuentes||
Ecuador|Pontificia Universidad Católica del Ecuador|6bff2878-f0a1-ed11-aad1-000d3a85c377||Yes|Spanish|44|https://www.puce.edu.ec/|https://www.puce.edu.ec/admisiones/grado/convenios/||
Peru|Pontificia Universidad Católica del Perú|9d981984-f0a1-ed11-aad1-000d3a85c377||Yes|Spanish|90|https://www.pucp.edu.pe|https://www.pucp.edu.pe/pregrado/becas/?tipobeca=&convocatoria=&carrera-beca=|-12.0687255|-77.0781351
Colombia|Pontificia Universidad Javeriana|ea08f5a7-f0a1-ed11-aad1-000d3a85c377||Yes|Spanish|137|https://www.javeriana.edu.co|https://www.javeriana.edu.co/estudia-en-la-javeriana/apoyo-financiero|4.6284875|-74.0646645
Colombia|Pontificia Universidad Javeriana Cali|71bf4a45-f3a1-ed11-aad1-000d3a85c377||Yes|Spanish|38|https://www.javerianacali.edu.co/|https://www.javerianacali.edu.co/sites/default/files/2024-11/Convenio_IB_Javeriana_Cali.pdf||
Jordan|Princess Sumaya University for Technology|2aff171c-f2a1-ed11-aad1-000d3a85c377||Yes|English|172|https://psut.edu.jo/|https://www.psut.edu.jo/en/admission-platform|32.023471|35.876174
Brazil|PUC-PR - Pontifícia Universidade Católica do Paraná (Pontifical Catholic University of Paraná)|3f512a0a-f2a1-ed11-aad1-000d3a85c377||Yes|Portuguese|9|https://www.pucpr.br/|https://www.pucpr.br/graduacao/|-25.4515693|-49.2527472
Brazil|PUC-Rio - Pontifícia Universidade Católica do Rio de Janeiro (Pontifical Catholic University of Rio de Janeiro)|a1782869-f3a1-ed11-aad1-000d3a85c377||Yes|English|181|https://www.puc-rio.br/english/|https://www.puc-rio.br/vestibular/202412/bolsas.html|-22.9797463|-43.233402
Brazil|PUC-SP - Pontifícia Universidade Católica de São Paulo (Pontifical Catholic University of Sao Paulo)|cc509d6f-f4a1-ed11-aad1-000d3a85c377||Yes|Portuguese|67|https://www.pucsp.br|https://www.pucsp.br/bolsas-e-financiamentos|-23.5380974|-46.6710023
Bahrain|RCSI - Bahrain|bd5537fe-f1a1-ed11-aad1-000d3a85c377||Yes|English|331|https://www.rcsi.com/bahrain|https://www.rcsi.com/bahrain/undergraduate/application-information/scholarships|26.261768|50.5969927
Malaysia|RCSI & UCD - Malaysia|5a4d217e-f0a1-ed11-aad1-000d3a85c377||Yes|English|28|https://www.rumc.edu.my/|https://www.rcsiucd.edu.my/admissions/scholarships/||
Israel|Reichman University (Raphael Recanati International School)|85a42f04-f2a1-ed11-aad1-000d3a85c377||Yes|English|45|https://www.rris.runi.ac.il|https://www.runi.ac.il/en/schools/rris/admissions/undergraduate/financial-aid-and-scholarships/|32.1758874|34.8377729
Vietnam|RMIT University - Vietnam|de101975-f3a1-ed11-aad1-000d3a85c377||Yes|English|263|https://www.rmit.edu.vn/|https://www.rmit.edu.vn/study-at-rmit/scholarships/future-undergraduate-student-scholarships|10.7289515|106.6957667
India|Russell Square International College|57093ff8-f1a1-ed11-aad1-000d3a85c377||Yes|English|39|https://www.rsicollege.org/|https://www.rsicollege.org/admission-eligibility.html|19.1125921|72.8342534
India|S P Jain School of Global Management (all locations)|212ed9a6-f2a1-ed11-aad1-000d3a85c377||Yes|English|112|https://www.spjain.org/|https://www.spjain.org/programs/undergraduate/scholarships|19.0812605|72.8874816
Türkiye|Sabancı University (Sabancı Üniversitesi)|f2dbc6b8-f2a1-ed11-aad1-000d3a85c377||Yes|English|91|https://www.sabanciuniv.edu/en|https://www.sabanciuniv.edu/en/scholarships|40.8910054|29.3783373
Lebanon|Saint Joseph University of Beirut (Université Saint-Joseph de Beyrouth)|19a02210-f2a1-ed11-aad1-000d3a85c377||Yes|Arabic/English/French|13|https://www.usj.edu.lb/anglais/index.php|https://www.usj.edu.lb/admission/conditions.php?lang=2||
Indonesia|Sampoerna University|35ba5b1a-f4a1-ed11-aad1-000d3a85c377||Yes|English|11|https://www.sampoernauniversity.ac.id|https://www.sampoernauniversity.ac.id/award-tuition-grant/|-6.2484917|106.8434061
India|Shoolini University|08a87893-f4a1-ed11-aad1-000d3a85c377||Yes|English|9|https://shooliniuniversity.com/|https://shooliniuniversity.com/scholarships|30.8643599|77.1184188
India|SRM Institute of Science and Technology|00a59ee4-f3a1-ed11-aad1-000d3a85c377||Yes|English|53|https://www.srmist.edu.in/|https://www.srmist.edu.in/admission-india/engineering/|12.823033|80.044416
Grenada|St. George's University - Grenada|4eb02773-f1a1-ed11-aad1-000d3a85c377||Yes|English|174|https://www.sgu.edu/|https://www.sgu.edu/academic-programs/school-of-arts-sciences/admission/||
Vietnam|Swinburne University of Technology - Ho Chi Minh City|cb9c9575-f4a1-ed11-aad1-000d3a85c377||Yes|English|8|http://swinburne-vn.edu.vn/|https://www.swinburne.edu.au/study/international/apply/entry-requirements/|10.8162023|106.6690071
Malaysia|Swinburne University of Technology - Sarawak|d20adf9a-f2a1-ed11-aad1-000d3a85c377||Yes|English|6|https://www.swinburne.edu.my/|https://www.swinburne.edu.my/study/admission/academic-requirement.php|1.5324459|110.3573189
India|Symbiosis School for Liberal Arts|a2ecc3be-f2a1-ed11-aad1-000d3a85c377||Yes|English|31|https://www.ssla.edu.in/|https://www.ssla.edu.in/eligibility3|18.5755967|73.9079749
Uzbekistan|Tashkent Metropolitan University|667752e3-4f17-ef11-9f89-000d3a8522c0||Yes|English|0|https://tmuni.org|https://tmuni.org/tmu-excellence-scholarships/|41.3521186|69.2586288
Türkiye|TED University|1ad77ffc-f3a1-ed11-aad1-000d3a85c377||Yes|English|4|https://www.tedu.edu.tr/en|https://ipo.tedu.edu.tr/en/ib-diploma-holders|39.9228214|32.8618589
Guyana|Texila American University|018c87f6-f3a1-ed11-aad1-000d3a85c377||Yes|English|2|https://tau.edu.gy/|https://tau.edu.gy/admissions-requirement/|6.7591846|-58.1736708
Türkiye|TOBB University of Economics & Technology (TOBB Ekonomi ve Teknoloji Üniversitesi)|f0788bf9-3cc0-ee11-9079-002248ebf6a1||Yes|English/Turkish|1|https://www.etu.edu.tr/en|https://www.etu.edu.tr/en/uluslararasi/sayfa/tuition-fees-and-scholarship-opportunities|39.9265224|32.79122
Brazil|UNIFASE Petrópolis - Faculdade de Medicina de Petrópolis|2ef6e72f-8958-ef11-bfe2-000d3a813f10||Yes|English/Spanish|1|https://www.unifase-rj.edu.br/|https://www.unifase-rj.edu.br/baccalaureate-fmp|-22.494921|-43.1799775
Brazil|Unisinos - Universidade do Vale do Rio dos Sinos|2eff0179-9a97-f011-b41c-00224819794a||Yes|Portuguese|0|https://www.unisinos.br/|https://www.unisinos.br/graduacao/facilidades#bolsas||
India|Universal AI University|39f22b5d-f3a1-ed11-aad1-000d3a85c377||Yes|English|13|https://www.universalai.in/|https://www.universalai.in/global-bba/|18.9028543|73.3745781
Chile|Universidad Adolfo Ibañez|96fe2878-f0a1-ed11-aad1-000d3a85c377||Yes|Spanish|154|https://www.uai.cl/|https://admision.uai.cl/admision/becas-universidad-adolfo-ibanez/||
Mexico|Universidad Anáhuac - Cancún|e2f87d8d-f4a1-ed11-aad1-000d3a85c377||Yes|English/Spanish|19|https://www.anahuac.mx/cancun/|https://www.anahuac.mx/cancun/en/financial-aid-scholarships-and-education-credits|21.0616927|-86.8447482
Argentina|Universidad Argentina de la Empresa|69aa49ec-f1a1-ed11-aad1-000d3a85c377||Yes|Spanish|17|https://www.uade.edu.ar/|https://www.uade.edu.ar/informacion-para/ingresantes/examenes-de-ingreso/examen-de-nivelacion-de-ingles-eni/||
Argentina|Universidad Austral|23b13072-f0a1-ed11-aad1-000d3a85c377||Yes|Spanish|19|https://www.austral.edu.ar/internacionales/|https://www.austral.edu.ar/international/requirements/||
Venezuela|Universidad Católica Andrés Bello|ac4f9d6f-f4a1-ed11-aad1-000d3a85c377||Yes|Spanish|27|https://www.ucab.edu.ve/|https://www.ucab.edu.ve/informacion-institucional/secretaria/servicios/ingreso-a-la-ucab/beca-excelencia-internacional/#:~:text=La%20Beca%20Excelencia%20Internacional%20se,un%20resultado%20de%2030%20puntos.||
Chile|Universidad Central de Chile|52f841f2-f1a1-ed11-aad1-000d3a85c377||Yes|Spanish|4|https://www.ucentral.cl/|https://www.ucentral.cl/via-bachillerato-internacional||
Colombia|Universidad CES de Medellin|ec293063-f3a1-ed11-aad1-000d3a85c377||Yes|Spanish|4|https://www.ces.edu.co|https://www.ces.edu.co/internacional/bachillerato-internacional/international-bacalureate/|6.2079648|-75.5524533
Costa Rica|Universidad de Ciencias Médicas (UCIMED)|7f8dceb2-f2a1-ed11-aad1-000d3a85c377||Yes|Spanish|17|https://ucimed.com/|||
Costa Rica|Universidad de Costa Rica|2dff2878-f0a1-ed11-aad1-000d3a85c377||Yes|Spanish|24|https://www.ucr.ac.cr/||9.9372049|-84.0508641
Peru|Universidad de Ingeniería y Tecnología (UTEC)|f1be4a45-f3a1-ed11-aad1-000d3a85c377||Yes|Spanish|13|https://utec.edu.pe/|https://utec.edu.pe/modalidades-de-admision/bachillerato-internacional-y-abitur||
Colombia|Universidad de la Sabana|0fff2878-f0a1-ed11-aad1-000d3a85c377||Yes|Spanish|60|https://www.unisabana.edu.co/|https://www.unisabana.edu.co/index.php?id=621&L=3||
Mexico|Universidad de las Américas Puebla|820bdf9a-f2a1-ed11-aad1-000d3a85c377||Yes|Spanish|28|https://www.udlap.mx|https://www.udlap.mx/apoyoeducativo/|19.0548945|-98.2845204
Peru|Universidad de Lima|dc981984-f0a1-ed11-aad1-000d3a85c377||Yes|Spanish|54|https://www.ulima.edu.pe/|https://www.ulima.edu.pe/admision||
Chile|Universidad de los Andes - Chille|c7212779-f1a1-ed11-aad1-000d3a85c377||Yes|Spanish|155|https://www.uandes.cl/|https://admision.uandes.cl/becas/beca-uandes-economica|-33.4055479|-70.5061571
Colombia|Universidad de los Andes - Colombia|1aff2878-f0a1-ed11-aad1-000d3a85c377||Yes|Spanish|257|https://uniandes.edu.co/|https://apoyofinanciero.uniandes.edu.co/|4.6019995|-74.0660674
Mexico|Universidad de Monterrey (UDEM)|ffa849ec-f1a1-ed11-aad1-000d3a85c377||Yes|English/Spanish|29|https://www.udem.edu.mx|https://www.udem.edu.mx/es/institucional/beca-para-alumnos-graduados-de-bachillerato-internacional-bi|25.6592906|-100.4244364
Peru|Universidad de Piura|df981984-f0a1-ed11-aad1-000d3a85c377||Yes|Spanish|6|https://www.udep.edu.pe/|https://www.udep.edu.pe/postula/||
Argentina|Universidad de San Andrés|46b13072-f0a1-ed11-aad1-000d3a85c377||Yes|Spanish|29|https://udesa.edu.ar/|https://udesa.edu.ar/ingreso-directo||
Chile|Universidad del Desarrollo|d4991984-f0a1-ed11-aad1-000d3a85c377||Yes|Spanish|170|https://www.udd.cl/|https://www.udd.cl/admision-pregrado/admision-directa/||
Colombia|Universidad del Norte de Barranquilla|3c083ff8-f1a1-ed11-aad1-000d3a85c377||Yes|Spanish|102|https://www.uninorte.edu.co/|https://www.uninorte.edu.co/web/apoyo-financiero|11.0190513|-74.8511425
Peru|Universidad del Pacífico|f6981984-f0a1-ed11-aad1-000d3a85c377||Yes|Spanish|28|https://www.up.edu.pe/|https://www.up.edu.pe/admision/admision-pregrado/modalidades-de-admision/Paginas/bachillerato.aspx||
Chile|Universidad Diego Portales|2efe171c-f2a1-ed11-aad1-000d3a85c377||Yes|Spanish|33|https://admision.udp.cl/|https://admision.udp.cl/bachilleratos-internacionales/||
Colombia|Universidad ICESI|2c083ff8-f1a1-ed11-aad1-000d3a85c377||Yes|Spanish|40|https://www.icesi.edu.co/es/|https://www.icesi.edu.co/es/convenios-colegios/convenios-con-programa-de-bachillerato-internacional-ib||
Ecuador|Universidad Internacional del Ecuador (UIDE)|4abcd9a0-f2a1-ed11-aad1-000d3a85c377||Yes|English/Spanish|26|https://www.uide.edu.ec/|https://www.uide.edu.ec/?s=becas|-0.2459976|-78.4685272
Costa Rica|Universidad Latinoamericana de Ciencia y Tecnología|dd073ff8-f1a1-ed11-aad1-000d3a85c377||Yes|Spanish|9|https://www.ulacit.ac.cr/|||
Chile|Universidad Mayor|b5fe2878-f0a1-ed11-aad1-000d3a85c377||Yes|Spanish|13|https://www.umayor.cl|https://www.admisionmayor.cl/becas-y-creditos/10000|-33.3775319|-70.6135266
Venezuela|Universidad Metropolitana|05a77893-f4a1-ed11-aad1-000d3a85c377||Yes|Spanish|27|https://www.unimet.edu.ve/|https://www.unimet.edu.ve/wp-content/uploads/2023/09/REGLAMENTO-DEL-PROGRAMA-DE-EXCELENCIA-UNIMET-2023.pdf|10.498188|-66.7845614
Peru|Universidad Peruana de Ciencias Aplicadas|c5981984-f0a1-ed11-aad1-000d3a85c377||Yes|Spanish|33|https://www.upc.edu.pe/|https://www.upc.edu.pe/admision/becas-y-financiamiento/|-12.1042236|-76.9634146
Mexico|Universidad Popular Autónoma del Estado de Puebla (UPAEP)|52bf680e-f4a1-ed11-aad1-000d3a85c377||Yes|Spanish|11|https://upaep.mx/|https://upaep.mx/admisiones|19.0479853|-98.2161428
Peru|Universidad San Ignacio de Loyola|d5981984-f0a1-ed11-aad1-000d3a85c377||Yes|Spanish|7|https://usil.edu.pe/|https://usil.edu.pe/pregrado/admision/modalidades-admision/bachillerato-internacional|-12.0734444|-76.9521089
Brazil|Universidade Católica de Pernambuco (Unicap)|702279ff-bbb5-f111-aaae-70a8a50379fd||Yes|Portuguese|0|https://portal.unicap.br|https://portal.unicap.br/|-8.0544962|-34.886449
Brazil|Universidade Veiga de Almeida (UVA)|6b618cc7-4848-f011-877a-6045bd572ca9||Yes|Portuguese|0|https://uva.br/|https://medicina.uva.br/|-22.9545265|-43.1851833
Malaysia|Universiti Teknologi Malaysia|8f4d217e-f0a1-ed11-aad1-000d3a85c377||Yes|English|10|https://www.utm.my|https://admission.utm.my/|1.5584681|103.6378169
Egypt|Universities of Canada in Egypt|703e8ff0-f3a1-ed11-aad1-000d3a85c377||Yes|English|33|https://uofcanada.edu.eg/|https://upei.uofcanada.edu.eg/scholarship-criteria/|30.029061|31.7127816
Lebanon|University of Balamand|3aaa49ec-f1a1-ed11-aad1-000d3a85c377||Yes|English|51|http://www.balamand.edu.lb/|http://www.balamand.edu.lb/CurrentStudents/FinancialSupport/Pages/FinancialSupport.aspx||
South Africa|University of Cape Town|76991984-f0a1-ed11-aad1-000d3a85c377||Yes|English|368|https://www.uct.ac.za|https://tinyurl.com/y5ohbfzv|-33.957652|18.4611991
Cyprus|University of Cyprus|f76e6314-f4a1-ed11-aad1-000d3a85c377||Yes|English|6|http://www.ucy.ac.cy/|https://www.ucy.ac.cy/study/undergraduate-studies/admissions/?lang=en|35.1469314|33.409286
South Africa|University of Johannesburg|eaa849ec-f1a1-ed11-aad1-000d3a85c377||Yes|English|157|https://www.uj.ac.za/|https://www.uj.ac.za/admission-aid/international-applicants/||
Cyprus|University of Limassol (UoL)|f5dbee9b-454c-f011-877b-002248ee599c||Yes|English|1|https://www.uol.ac.cy/|https://www.uol.ac.cy/en/requirements/|34.681761|33.0295027
Cyprus|University of Nicosia|c8f97d8d-f4a1-ed11-aad1-000d3a85c377||Yes|English|252|https://www.unic.ac.cy/nicosia/|https://www.unic.ac.cy/admission-requirements/financial-information/scholarships-financial-aid/|35.1657908|33.3146993
Cyprus|University of Nicosia : Medical School|5bf196ea-f3a1-ed11-aad1-000d3a85c377||Yes|English|330|https://www.med.unic.ac.cy/|https://www.med.unic.ac.cy/education/6-year-md-degree/|35.164646|33.325115
India|University of Petroleum and Energy Studies (UPES)|023bbcc4-f2a1-ed11-aad1-000d3a85c377||Yes|English|21|https://www.upes.ac.in||30.4158747|77.966747
South Africa|University of Pretoria|c408f5a7-f0a1-ed11-aad1-000d3a85c377||Yes|English|272|https://www.up.ac.za/article/2749381/our-story|https://www.up.ac.za/|-25.7561672|28.2311162
Malaysia|University of Reading - Malaysia|4ff12b5d-f3a1-ed11-aad1-000d3a85c377||Yes|English|21|https://www.reading.edu.my|https://www.reading.edu.my/admissions/scholarships|1.4301837|103.6154708
Jamaica|University of the Commonwealth Caribbean|7aa87893-f4a1-ed11-aad1-000d3a85c377||Yes|English|0|https://ucc.edu.jm/here||18.0071854|-76.7812163
Virgin Islands (U.S.)|University of the Virgin Islands|d8ae2773-f1a1-ed11-aad1-000d3a85c377||Yes|English|8|http://www.uvi.edu/|https://www.uvi.edu/admissions/undergraduate/transfer-equivalencies.html|18.3432344|-64.9728797
Barbados|University of the West Indies - Cave Hill|83b13072-f0a1-ed11-aad1-000d3a85c377||Yes|English|14|http://www.cavehill.uwi.edu/|https://www2.cavehill.uwi.edu/fss/econ/students/mathematics-proficiency-test/mpt-details.aspx|13.1345645|-59.6297875
Jamaica|University of the West Indies - Jamaica|9c622f6d-f1a1-ed11-aad1-000d3a85c377||Yes|English|30|https://www.mona.uwi.edu/|https://www.mona.uwi.edu/osf/node/820|18.0047478|-76.7475283
Trinidad and Tobago|University of the West Indies - Trinidad and Tobago|d4fd171c-f2a1-ed11-aad1-000d3a85c377||Yes|English|5|https://sta.uwi.edu/|https://sta.uwi.edu/admissions/undergrad/faqs_entrance_requirements.asp|10.6415688|-61.3994983
South Africa|University of the Witwatersrand|5d772869-f3a1-ed11-aad1-000d3a85c377||Yes|English|236|https://www.wits.ac.za/|https://www.wits.ac.za/study-at-wits/financial-aid-and-scholarships-administration/|-26.1948176|28.0296853
Vietnam|Viet Nam National University, Ho Chi Minh City: School of Medicine|50727008-f4a1-ed11-aad1-000d3a85c377||Yes|English/Vietnamese|2|https://www.medvnu.edu.vn/|https://www.medvnu.edu.vn/tin-tuc/cac-loai-hoc-bong-chinh-sach-danh-cho-sinh-vien/|10.888215|106.7981264
Vietnam|Vietnam National University HCMC : International University|9aa77893-f4a1-ed11-aad1-000d3a85c377||Yes|English|7|https://hcmiu.edu.vn/|https://tuyensinh.hcmiu.edu.vn/tuyen-sinh/admission-requirements-to-international-applicants/|10.8775848|106.8016196
Qatar|Weill Cornell Medicine - Qatar|5aae2773-f1a1-ed11-aad1-000d3a85c377||Yes|English|80|https://qatar-weill.cornell.edu/|https://qatar-weill.cornell.edu/admissions/medical-program/six-year-medical-program/requirements|25.3181489|51.4402306
